"Txhash","Blockno","UnixTimestamp","DateTime","From","To","ContractAddress","Value_IN(ETH)","Value_OUT(ETH)","CurrentValue @ $3795.00194029914/ETH","TxnFee(ETH)","TxnFee(USD)","Historical $Price/ETH","Status","ErrCode","Method"
"0x329c6ec0291eccd9ce44b3275de1c4e539d5db677dc22b94f8f4a94252b02f24","50464766","1717329273","2024-06-02 11:54:33","0x4ca377a1b7f16e102c1aa2a878e7d9e3281615d6","0x33a539e2469c8d3421b3ff29cc7b7de1e695ebfe","","0","0","0","0.00003789","0.143792623517934","","","","0x1214c5e5",""
"0x1b49e3143c26bd5d010c120bc2debfad3ea9ebd2a85dd9bd9c320fc2f4df258d","50464826","1717329288","2024-06-02 11:54:48","0x4ca377a1b7f16e102c1aa2a878e7d9e3281615d6","0x33a539e2469c8d3421b3ff29cc7b7de1e695ebfe","","0","0","0","0.00003789","0.143792623517934","","","","0x1214c5e5",""
"0x76b0e8adb47c8c33c33775144decd6d7fe8e86a9a59aa364f423f071181f6e7b","50464886","1717329304","2024-06-02 11:55:04","0x4ca377a1b7f16e102c1aa2a878e7d9e3281615d6","0x33a539e2469c8d3421b3ff29cc7b7de1e695ebfe","","0","0","0","0.00003789","0.143792623517934","","","","0x1214c5e5",""
"0x07d957082033aeaf05720a04cf6bcf5c6963caa9fd87f5a5f25d13a4a76b23c0","50464950","1717329320","2024-06-02 11:55:20","0x4ca377a1b7f16e102c1aa2a878e7d9e3281615d6","0x33a539e2469c8d3421b3ff29cc7b7de1e695ebfe","","0","0","0","0.00003789","0.143792623517934","","","","0x1214c5e5",""
"0xe84df928d4ad7fed78ad5c85b22ebc350010d01da4c8bf9acf413d7d1817a853","50465010","1717329336","2024-06-02 11:55:36","0x4ca377a1b7f16e102c1aa2a878e7d9e3281615d6","0x33a539e2469c8d3421b3ff29cc7b7de1e695ebfe","","0","0","0","0.00003789","0.143792623517934","","","","0x1214c5e5",""
"0xe2604c10917b7d895cc7ebdf2de773c37849966296ad73ae4d20bbc17132a8c4","50465073","1717329352","2024-06-02 11:55:52","0x4ca377a1b7f16e102c1aa2a878e7d9e3281615d6","0x33a539e2469c8d3421b3ff29cc7b7de1e695ebfe","","0","0","0","0.00003789","0.143792623517934","","","","0x1214c5e5",""
"0xe27a67ec7ec5cf48fb9b6dd705ac3e5f2e1097a724287232f598dbf6604e264d","50465133","1717329367","2024-06-02 11:56:07","0x4ca377a1b7f16e102c1aa2a878e7d9e3281615d6","0x33a539e2469c8d3421b3ff29cc7b7de1e695ebfe","","0","0","0","0.00003789","0.143792623517934","","","","0x1214c5e5",""
"0x52ff9007d8a9c6cdcc18503dca4e808727b698a2947319c920c03e83df08ef87","50465196","1717329383","2024-06-02 11:56:23","0x4ca377a1b7f16e102c1aa2a878e7d9e3281615d6","0x33a539e2469c8d3421b3ff29cc7b7de1e695ebfe","","0","0","0","0.00003789","0.143792623517934","","","","0x1214c5e5",""
"0x5df81ab4c08c6c7b1d79d2ce2031e86a8ee6e855d13c2cfbe41f6e1539a7bc40","50465259","1717329399","2024-06-02 11:56:39","0x4ca377a1b7f16e102c1aa2a878e7d9e3281615d6","0x33a539e2469c8d3421b3ff29cc7b7de1e695ebfe","","0","0","0","0.00003789","0.143792623517934","","","","0x1214c5e5",""
"0x51381def46e9a5173d0d02a8fb094230dfb7498b5a73a6711ddc57fc2a389e91","50465316","1717329415","2024-06-02 11:56:55","0x4ca377a1b7f16e102c1aa2a878e7d9e3281615d6","0x33a539e2469c8d3421b3ff29cc7b7de1e695ebfe","","0","0","0","0.00003789","0.143792623517934","","","","0x1214c5e5",""
"0x936f0c90023e915d51ed5ad784581f7eba7ee9e24604db582617e80593873e8a","50465376","1717329430","2024-06-02 11:57:10","0x4ca377a1b7f16e102c1aa2a878e7d9e3281615d6","0x33a539e2469c8d3421b3ff29cc7b7de1e695ebfe","","0","0","0","0.00003765","0.142881823052263","","","","0x1214c5e5",""
"0x09a9c2a47b9b56987c05e08328c84246211572dc2ec604329498eb59d2dc8077","50465452","1717329447","2024-06-02 11:57:27","0x4ca377a1b7f16e102c1aa2a878e7d9e3281615d6","0x33a539e2469c8d3421b3ff29cc7b7de1e695ebfe","","0","0","0","0.00001087","0.0412516710910516","","","","0x1214c5e5",""
"0xe0d4581e9ee660cc02aa01cfc3c410fa31bc7b4ff3baa5903a3aad73734b8016","50465507","1717329461","2024-06-02 11:57:41","0x4ca377a1b7f16e102c1aa2a878e7d9e3281615d6","0x33a539e2469c8d3421b3ff29cc7b7de1e695ebfe","","0","0","0","0.00001087","0.0412516710910516","","","","0x1214c5e5",""
"0x56028fdb6733534e92b771adba08429aebf63d483d849d44891be28f8128466b","50465563","1717329476","2024-06-02 11:57:56","0x4ca377a1b7f16e102c1aa2a878e7d9e3281615d6","0x33a539e2469c8d3421b3ff29cc7b7de1e695ebfe","","0","0","0","0.00001087","0.0412516710910516","","","","0x1214c5e5",""
"0x166fc189684812bd3b2ce536ff0b34c62ba214485575aeb0009bd7a965083998","50465624","1717329491","2024-06-02 11:58:11","0x4ca377a1b7f16e102c1aa2a878e7d9e3281615d6","0x33a539e2469c8d3421b3ff29cc7b7de1e695ebfe","","0","0","0","0.00001087","0.0412516710910516","","","","0x1214c5e5",""
"0x960f313a574963dc05ad1dcd75f79020f54121fc615ac7eff6c36c9af2957ca8","50465688","1717329508","2024-06-02 11:58:28","0x4ca377a1b7f16e102c1aa2a878e7d9e3281615d6","0x33a539e2469c8d3421b3ff29cc7b7de1e695ebfe","","0","0","0","0.00001087","0.0412516710910516","","","","0x1214c5e5",""
"0xc9dc542f07e3933c68792a4e43e483a430bc6968a5860bdf28808d6dc2adf9a0","50465742","1717329522","2024-06-02 11:58:42","0x4ca377a1b7f16e102c1aa2a878e7d9e3281615d6","0x33a539e2469c8d3421b3ff29cc7b7de1e695ebfe","","0","0","0","0.00001087","0.0412516710910516","","","","0x1214c5e5",""
"0x299044bbc38c7bc77affa6bed62766bd501e333c018f734a01cd87aecd883230","50465800","1717329537","2024-06-02 11:58:57","0x4ca377a1b7f16e102c1aa2a878e7d9e3281615d6","0x33a539e2469c8d3421b3ff29cc7b7de1e695ebfe","","0","0","0","0.00001087","0.0412516710910516","","","","0x1214c5e5",""
"0xb5da90494d37ec07d034d1aa48ee576c55a51b7244073efb47086810e82cc21c","50465862","1717329553","2024-06-02 11:59:13","0x4ca377a1b7f16e102c1aa2a878e7d9e3281615d6","0x33a539e2469c8d3421b3ff29cc7b7de1e695ebfe","","0","0","0","0.00001092","0.0414414211880666","","","","0x1214c5e5",""
"0x632995acbfe0573a220fb6628b7048fb7875b2cd16e92957c9427e8c3f26687a","50465926","1717329569","2024-06-02 11:59:29","0x4ca377a1b7f16e102c1aa2a878e7d9e3281615d6","0x33a539e2469c8d3421b3ff29cc7b7de1e695ebfe","","0","0","0","0.00001092","0.0414414211880666","","","","0x1214c5e5",""
"0x51e2449e63db7bc2f9313b3cf67f6a94c8d5845f146651f8131363e9e4fc738b","50465984","1717329585","2024-06-02 11:59:45","0x4ca377a1b7f16e102c1aa2a878e7d9e3281615d6","0x33a539e2469c8d3421b3ff29cc7b7de1e695ebfe","","0","0","0","0.00001092","0.0414414211880666","","","","0x1214c5e5",""
"0xab543acf586d6ba40ee5c30a6eda1f27a3ff021fcc81f4baf1b05eba6778994f","50466042","1717329600","2024-06-02 12:00:00","0x4ca377a1b7f16e102c1aa2a878e7d9e3281615d6","0x33a539e2469c8d3421b3ff29cc7b7de1e695ebfe","","0","0","0","0.00001092","0.0414414211880666","","","","0x1214c5e5",""
"0x751aa6123bc2fd85d9aa9f26dc2007b6386c0dd0a037ed1d444737567d2dd3b0","50466112","1717329618","2024-06-02 12:00:18","0x4ca377a1b7f16e102c1aa2a878e7d9e3281615d6","0x33a539e2469c8d3421b3ff29cc7b7de1e695ebfe","","0","0","0","0.00001092","0.0414414211880666","","","","0x1214c5e5",""
"0xc98a360f9593dd63d6eddca4f28e49c4673753577089adfc1eb0d2df9054ce0e","50466173","1717329633","2024-06-02 12:00:33","0x4ca377a1b7f16e102c1aa2a878e7d9e3281615d6","0x33a539e2469c8d3421b3ff29cc7b7de1e695ebfe","","0","0","0","0.00001092","0.0414414211880666","","","","0x1214c5e5",""
"0xc22624b243bf6980e23bb15eea7870355397a3d1bb39bb789ba234c42ad82229","50466232","1717329649","2024-06-02 12:00:49","0x4ca377a1b7f16e102c1aa2a878e7d9e3281615d6","0x33a539e2469c8d3421b3ff29cc7b7de1e695ebfe","","0","0","0","0.00001092","0.0414414211880666","","","","0x1214c5e5",""
"0x9266860147dd5426b663bc3b3d9318c433a9759ea3374a1cbb70691de8d785b7","50466295","1717329665","2024-06-02 12:01:05","0x4ca377a1b7f16e102c1aa2a878e7d9e3281615d6","0x33a539e2469c8d3421b3ff29cc7b7de1e695ebfe","","0","0","0","0.00001092","0.0414414211880666","","","","0x1214c5e5",""
"0x22cc285512a171c551fefc87d70fe5ab7803a320e7eb5e96a268ac5edd6b78c3","50466357","1717329681","2024-06-02 12:01:21","0x4ca377a1b7f16e102c1aa2a878e7d9e3281615d6","0x33a539e2469c8d3421b3ff29cc7b7de1e695ebfe","","0","0","0","0.00001092","0.0414414211880666","","","","0x1214c5e5",""
"0xee336edde6e6faa6dfe52cd04df56aaece1718cd39b075ddc1b9b43e6c9b758b","50466418","1717329697","2024-06-02 12:01:37","0x4ca377a1b7f16e102c1aa2a878e7d9e3281615d6","0x33a539e2469c8d3421b3ff29cc7b7de1e695ebfe","","0","0","0","0.00001092","0.0414414211880666","","","","0x1214c5e5",""
"0x511df39e70839393d68c9230bfc80ad4a2200092a93b364b63140ecabe717a7d","50466477","1717329712","2024-06-02 12:01:52","0x4ca377a1b7f16e102c1aa2a878e7d9e3281615d6","0x33a539e2469c8d3421b3ff29cc7b7de1e695ebfe","","0","0","0","0.00001092","0.0414414211880666","","","","0x1214c5e5",""
"0xc924caf2ea4a9a6e6163f84189f05a2f772e1f0f6c2588dcd0786866fee15897","50466536","1717329727","2024-06-02 12:02:07","0x4ca377a1b7f16e102c1aa2a878e7d9e3281615d6","0x33a539e2469c8d3421b3ff29cc7b7de1e695ebfe","","0","0","0","0.00001092","0.0414414211880666","","","","0x1214c5e5",""
"0x9985be53e065bceb6b6d8a4b9366947786a60e24850baef3a2546f7681b232b6","50466597","1717329743","2024-06-02 12:02:23","0x4ca377a1b7f16e102c1aa2a878e7d9e3281615d6","0x33a539e2469c8d3421b3ff29cc7b7de1e695ebfe","","0","0","0","0.00001092","0.0414414211880666","","","","0x1214c5e5",""
"0xa4043714e9279a5ed435389fb451f3327e126a261f62fcaa19b79a7c8652daf4","50466659","1717329758","2024-06-02 12:02:38","0x4ca377a1b7f16e102c1aa2a878e7d9e3281615d6","0x33a539e2469c8d3421b3ff29cc7b7de1e695ebfe","","0","0","0","0.00001092","0.0414414211880666","","","","0x1214c5e5",""
"0x1d24bb0e1fd53a70be9d970832bbc0d3d81abcfc5e5656bcd610f52faee313bb","50466721","1717329774","2024-06-02 12:02:54","0x4ca377a1b7f16e102c1aa2a878e7d9e3281615d6","0x33a539e2469c8d3421b3ff29cc7b7de1e695ebfe","","0","0","0","0.00001092","0.0414414211880666","","","","0x1214c5e5",""
"0xd31b4312bccef1efd3cf85ffd774bb6ab2b2517a8c61dc6fc7baa90bc9a3bef7","50466781","1717329790","2024-06-02 12:03:10","0x4ca377a1b7f16e102c1aa2a878e7d9e3281615d6","0x33a539e2469c8d3421b3ff29cc7b7de1e695ebfe","","0","0","0","0.00001092","0.0414414211880666","","","","0x1214c5e5",""
"0xe6f7a52f22c68eabedb7ff7be94a6a7ec27ec01c1e76b4d0edf5ba374d213c2e","50466844","1717329806","2024-06-02 12:03:26","0x4ca377a1b7f16e102c1aa2a878e7d9e3281615d6","0x33a539e2469c8d3421b3ff29cc7b7de1e695ebfe","","0","0","0","0.00001092","0.0414414211880666","","","","0x1214c5e5",""
"0x11ed87d4565fb2843f898eb6735b957a156344c86e25a4e38ea7ea6f916d1b84","50466918","1717329822","2024-06-02 12:03:42","0x4ca377a1b7f16e102c1aa2a878e7d9e3281615d6","0x33a539e2469c8d3421b3ff29cc7b7de1e695ebfe","","0","0","0","0.0000143","0.0542685277462777","","","","0x1214c5e5",""
"0x2176320c74e43f7dd4789a03276a79fc2300b63b9b44518c14a6b7efbe8fb0fd","50466977","1717329837","2024-06-02 12:03:57","0x4ca377a1b7f16e102c1aa2a878e7d9e3281615d6","0x33a539e2469c8d3421b3ff29cc7b7de1e695ebfe","","0","0","0","0.0000143","0.0542685277462777","","","","0x1214c5e5",""
"0x98767e3ec4782b84c234b6cb15f7d82bfa9807745d602d7ff1d3ccf4da6ed135","50467040","1717329853","2024-06-02 12:04:13","0x4ca377a1b7f16e102c1aa2a878e7d9e3281615d6","0x33a539e2469c8d3421b3ff29cc7b7de1e695ebfe","","0","0","0","0.0000143","0.0542685277462777","","","","0x1214c5e5",""
"0x668297de4f88fac02938cfa3445024ae2b50fad27d9bec91e334d32ba47ea367","50467104","1717329869","2024-06-02 12:04:29","0x4ca377a1b7f16e102c1aa2a878e7d9e3281615d6","0x33a539e2469c8d3421b3ff29cc7b7de1e695ebfe","","0","0","0","0.0000143","0.0542685277462777","","","","0x1214c5e5",""
"0xc9dab0b321c0d3a693b8ae0b05adbf59d594164d51fb00ddb21a3e6728044be0","50467167","1717329886","2024-06-02 12:04:46","0x4ca377a1b7f16e102c1aa2a878e7d9e3281615d6","0x33a539e2469c8d3421b3ff29cc7b7de1e695ebfe","","0","0","0","0.0000143","0.0542685277462777","","","","0x1214c5e5",""
"0x389056e1fa18680516cdc751fc0372f4c1c6c4ec68a5c9d7c70aea5b026816dc","50467226","1717329901","2024-06-02 12:05:01","0x4ca377a1b7f16e102c1aa2a878e7d9e3281615d6","0x33a539e2469c8d3421b3ff29cc7b7de1e695ebfe","","0","0","0","0.0000143","0.0542685277462777","","","","0x1214c5e5",""
"0x91fc21063116bf6ff3fcbc45465794291feb8461600f8a04ca82967a59e5eb22","50467289","1717329917","2024-06-02 12:05:17","0x4ca377a1b7f16e102c1aa2a878e7d9e3281615d6","0x33a539e2469c8d3421b3ff29cc7b7de1e695ebfe","","0","0","0","0.0000143","0.0542685277462777","","","","0x1214c5e5",""
"0xfd91782147c6e072f873a474f347ad04c0f9fb1fcceb0ae4f3c133ee9c27fade","50467352","1717329933","2024-06-02 12:05:33","0x4ca377a1b7f16e102c1aa2a878e7d9e3281615d6","0x33a539e2469c8d3421b3ff29cc7b7de1e695ebfe","","0","0","0","0.0000143","0.0542685277462777","","","","0x1214c5e5",""
"0xbd0f4b107afc3f24d27cb8ba17e703d628f520ff34e30f5425f039ec9320ca16","50467416","1717329949","2024-06-02 12:05:49","0x4ca377a1b7f16e102c1aa2a878e7d9e3281615d6","0x33a539e2469c8d3421b3ff29cc7b7de1e695ebfe","","0","0","0","0.0000143","0.0542685277462777","","","","0x1214c5e5",""
"0x04db388692939d488813c11ed597a19a708507ecc60181508a4bc47436da3bb1","50467477","1717329965","2024-06-02 12:06:05","0x4ca377a1b7f16e102c1aa2a878e7d9e3281615d6","0x33a539e2469c8d3421b3ff29cc7b7de1e695ebfe","","0","0","0","0.0000143","0.0542685277462777","","","","0x1214c5e5",""
"0x5d88fd2ef0db3c86c7e9ab40ba12bc339261c2b26b7f8ea8e0722a1457487991","50467538","1717329980","2024-06-02 12:06:20","0x4ca377a1b7f16e102c1aa2a878e7d9e3281615d6","0x33a539e2469c8d3421b3ff29cc7b7de1e695ebfe","","0","0","0","0.0000143","0.0542685277462777","","","","0x1214c5e5",""
"0xfbdf9bfe448e3af2b82dfaedc0244a930dc4123354054b0c81a70912bca7429f","50467597","1717329995","2024-06-02 12:06:35","0x4ca377a1b7f16e102c1aa2a878e7d9e3281615d6","0x33a539e2469c8d3421b3ff29cc7b7de1e695ebfe","","0","0","0","0.0000143","0.0542685277462777","","","","0x1214c5e5",""
"0xeacaa3960798a027252a3771199b6b3a8104a7f1bb1bd110583ba730c5f1d37a","50467654","1717330010","2024-06-02 12:06:50","0x4ca377a1b7f16e102c1aa2a878e7d9e3281615d6","0x33a539e2469c8d3421b3ff29cc7b7de1e695ebfe","","0","0","0","0.0000143","0.0542685277462777","","","","0x1214c5e5",""
"0x8c8017795d84a48be3152747408cd2657d03d2e4c3ea29d60403fa81f656b5ad","50467715","1717330025","2024-06-02 12:07:05","0x4ca377a1b7f16e102c1aa2a878e7d9e3281615d6","0x33a539e2469c8d3421b3ff29cc7b7de1e695ebfe","","0","0","0","0.0000143","0.0542685277462777","","","","0x1214c5e5",""
"0xb1c5308a411675c5a1454311e12848055dbe674ad8aa2836005976ff80907db7","50467781","1717330042","2024-06-02 12:07:22","0x4ca377a1b7f16e102c1aa2a878e7d9e3281615d6","0x33a539e2469c8d3421b3ff29cc7b7de1e695ebfe","","0","0","0","0.0000143","0.0542685277462777","","","","0x1214c5e5",""
"0x5f25cf1ce152f11346f53cd68ce502c89b9ca13b53c79810c75ffede71bd42de","50467842","1717330058","2024-06-02 12:07:38","0x4ca377a1b7f16e102c1aa2a878e7d9e3281615d6","0x33a539e2469c8d3421b3ff29cc7b7de1e695ebfe","","0","0","0","0.0000143","0.0542685277462777","","","","0x1214c5e5",""
"0x974064aaa307c39cdb3c1dfd1323e09dbf251517b3ee9d9993ca4e0faa25fdfc","50467903","1717330074","2024-06-02 12:07:54","0x4ca377a1b7f16e102c1aa2a878e7d9e3281615d6","0x33a539e2469c8d3421b3ff29cc7b7de1e695ebfe","","0","0","0","0.0000143","0.0542685277462777","","","","0x1214c5e5",""
"0xd653bd07ac0d7e89ab80f4fb72fc1641885d28a0ad3d97eb362074130624ddd7","50467968","1717330090","2024-06-02 12:08:10","0x4ca377a1b7f16e102c1aa2a878e7d9e3281615d6","0x33a539e2469c8d3421b3ff29cc7b7de1e695ebfe","","0","0","0","0.0000143","0.0542685277462777","","","","0x1214c5e5",""
"0xca02cb4fa0c16bf1511d207bf119dd65ea2709c1e8b27f80dd0ea5e797656c3f","50468031","1717330106","2024-06-02 12:08:26","0x4ca377a1b7f16e102c1aa2a878e7d9e3281615d6","0x33a539e2469c8d3421b3ff29cc7b7de1e695ebfe","","0","0","0","0.0000143","0.0542685277462777","","","","0x1214c5e5",""
"0x8ecc4855f8b77f30825b94fcfb83a75a28271618a511ee573503cbac2e7705ca","50468095","1717330122","2024-06-02 12:08:42","0x4ca377a1b7f16e102c1aa2a878e7d9e3281615d6","0x33a539e2469c8d3421b3ff29cc7b7de1e695ebfe","","0","0","0","0.0000143","0.0542685277462777","","","","0x1214c5e5",""
"0xc21e5a1c7120b84de0450c062af1109e7a55196941393d67da5667637d566103","50468159","1717330139","2024-06-02 12:08:59","0x4ca377a1b7f16e102c1aa2a878e7d9e3281615d6","0x33a539e2469c8d3421b3ff29cc7b7de1e695ebfe","","0","0","0","0.0000143","0.0542685277462777","","","","0x1214c5e5",""
"0xcb08458138b2ef07b1b96e80f30800ac37b325b76cf82cdd0394e883903c453d","50468224","1717330156","2024-06-02 12:09:16","0x4ca377a1b7f16e102c1aa2a878e7d9e3281615d6","0x33a539e2469c8d3421b3ff29cc7b7de1e695ebfe","","0","0","0","0.0000143","0.0542685277462777","","","","0x1214c5e5",""
"0xf4a992427b60167acc299d767dbbb8e4de096bd49b67610638a39bc30fbfa537","50468287","1717330172","2024-06-02 12:09:32","0x4ca377a1b7f16e102c1aa2a878e7d9e3281615d6","0x33a539e2469c8d3421b3ff29cc7b7de1e695ebfe","","0","0","0","0.0000143","0.0542685277462777","","","","0x1214c5e5",""
"0x2ec21a71784f4a51fc6efc1b77213701e577fedb74deb129f3da94bade986461","50468350","1717330188","2024-06-02 12:09:48","0x4ca377a1b7f16e102c1aa2a878e7d9e3281615d6","0x33a539e2469c8d3421b3ff29cc7b7de1e695ebfe","","0","0","0","0.0000143","0.0542685277462777","","","","0x1214c5e5",""
"0x288658c4e7e2135c269006ebddeb06e386d012cb767ddfdde7dbf72fdb45a323","50468424","1717330204","2024-06-02 12:10:04","0x4ca377a1b7f16e102c1aa2a878e7d9e3281615d6","0x33a539e2469c8d3421b3ff29cc7b7de1e695ebfe","","0","0","0","0.00000782","0.0296769151731393","","","","0x1214c5e5",""
"0x187a922a038d9760d1b35bfa91dea7d5e076376328f7542e6dadfaa152aec0ec","50468486","1717330221","2024-06-02 12:10:21","0x4ca377a1b7f16e102c1aa2a878e7d9e3281615d6","0x33a539e2469c8d3421b3ff29cc7b7de1e695ebfe","","0","0","0","0.00000782","0.0296769151731393","","","","0x1214c5e5",""
"0xa2f8c878caa686ac9894e8fd812af23fe5e98335ef44e1eeeca475c6a0c332f9","50468551","1717330238","2024-06-02 12:10:38","0x4ca377a1b7f16e102c1aa2a878e7d9e3281615d6","0x33a539e2469c8d3421b3ff29cc7b7de1e695ebfe","","0","0","0","0.00000782","0.0296769151731393","","","","0x1214c5e5",""
"0x7b920037c293ae4da0c6e918b1e8020e44fe0998d2d446d66e85edf7b9135e26","50468613","1717330254","2024-06-02 12:10:54","0x4ca377a1b7f16e102c1aa2a878e7d9e3281615d6","0x33a539e2469c8d3421b3ff29cc7b7de1e695ebfe","","0","0","0","0.00000782","0.0296769151731393","","","","0x1214c5e5",""
"0x9011ccc93bcf27629a449dd2d63d60d5fb7fc002fe879d7b5939d64770f8762d","50468672","1717330269","2024-06-02 12:11:09","0x4ca377a1b7f16e102c1aa2a878e7d9e3281615d6","0x33a539e2469c8d3421b3ff29cc7b7de1e695ebfe","","0","0","0","0.00000782","0.0296769151731393","","","","0x1214c5e5",""
"0xe6f54b967428401db84411a8863d268ff6dc07ba555e4fbbb034ac706ba1729c","50468736","1717330286","2024-06-02 12:11:26","0x4ca377a1b7f16e102c1aa2a878e7d9e3281615d6","0x33a539e2469c8d3421b3ff29cc7b7de1e695ebfe","","0","0","0","0.00000782","0.0296769151731393","","","","0x1214c5e5",""
"0x166678fae38601a58242375e6fccae9dcfc40a8e028d1a496c7aa7c44c910332","50468803","1717330303","2024-06-02 12:11:43","0x4ca377a1b7f16e102c1aa2a878e7d9e3281615d6","0x33a539e2469c8d3421b3ff29cc7b7de1e695ebfe","","0","0","0","0.00000782","0.0296769151731393","","","","0x1214c5e5",""
"0x7ab06c7d5508fcb233b44e3f4173018d00787aab55bc140333f81dd86d072f90","50468870","1717330320","2024-06-02 12:12:00","0x4ca377a1b7f16e102c1aa2a878e7d9e3281615d6","0x33a539e2469c8d3421b3ff29cc7b7de1e695ebfe","","0","0","0","0.00000782","0.0296769151731393","","","","0x1214c5e5",""
"0x5567222add3dac79ac31524759b32ee812cf1402331156ae0f0f7aef281a812b","50468939","1717330337","2024-06-02 12:12:17","0x4ca377a1b7f16e102c1aa2a878e7d9e3281615d6","0x33a539e2469c8d3421b3ff29cc7b7de1e695ebfe","","0","0","0","0.00000782","0.0296769151731393","","","","0x1214c5e5",""
"0x092cc20b09823cfc262a216deb1b157e8b75bc6d73967a23ec2220f8c77a0cfc","50469008","1717330356","2024-06-02 12:12:36","0x4ca377a1b7f16e102c1aa2a878e7d9e3281615d6","0x33a539e2469c8d3421b3ff29cc7b7de1e695ebfe","","0","0","0","0.00000782","0.0296769151731393","","","","0x1214c5e5",""
"0x2e42155e1ae761533ed07d5107b0cc3e0e18b88207000ba9db0aa5ff8d87eca0","50469072","1717330372","2024-06-02 12:12:52","0x4ca377a1b7f16e102c1aa2a878e7d9e3281615d6","0x33a539e2469c8d3421b3ff29cc7b7de1e695ebfe","","0","0","0","0.00000782","0.0296769151731393","","","","0x1214c5e5",""
"0x68951da1b62c71d42f378f69773cc3cc289fcc9f6afd81f9d2c89e68cdce37fa","50469139","1717330389","2024-06-02 12:13:09","0x4ca377a1b7f16e102c1aa2a878e7d9e3281615d6","0x33a539e2469c8d3421b3ff29cc7b7de1e695ebfe","","0","0","0","0.00000782","0.0296769151731393","","","","0x1214c5e5",""
"0xadeac7a33fd756b395fd9aeb4d21b414850538a9d7bafa93c378244758b3bbad","50469202","1717330405","2024-06-02 12:13:25","0x4ca377a1b7f16e102c1aa2a878e7d9e3281615d6","0x33a539e2469c8d3421b3ff29cc7b7de1e695ebfe","","0","0","0","0.00000782","0.0296769151731393","","","","0x1214c5e5",""
"0xb543dbb13e97cff3e9464b5db04eaa61c8753ecba5805a543e5397a3b2bfd604","50469263","1717330421","2024-06-02 12:13:41","0x4ca377a1b7f16e102c1aa2a878e7d9e3281615d6","0x33a539e2469c8d3421b3ff29cc7b7de1e695ebfe","","0","0","0","0.00000782","0.0296769151731393","","","","0x1214c5e5",""
"0xce91becf89a6b35805878866b5dd32888dd878ff1adc8576f071ee5498a1cda3","50469327","1717330437","2024-06-02 12:13:57","0x4ca377a1b7f16e102c1aa2a878e7d9e3281615d6","0x33a539e2469c8d3421b3ff29cc7b7de1e695ebfe","","0","0","0","0.00000782","0.0296769151731393","","","","0x1214c5e5",""
"0x16bfc265b7050854bdb8b630faa1860f7ab7e9285c38d65be7d4d098d3e9ee8d","50469392","1717330454","2024-06-02 12:14:14","0x4ca377a1b7f16e102c1aa2a878e7d9e3281615d6","0x33a539e2469c8d3421b3ff29cc7b7de1e695ebfe","","0","0","0","0.00000782","0.0296769151731393","","","","0x1214c5e5",""
"0xb9471ac0297560f59057c2a2a52e712558d64d881e3cf3b597d72683f2ceec03","50469456","1717330470","2024-06-02 12:14:30","0x4ca377a1b7f16e102c1aa2a878e7d9e3281615d6","0x33a539e2469c8d3421b3ff29cc7b7de1e695ebfe","","0","0","0","0.00000782","0.0296769151731393","","","","0x1214c5e5",""
"0x72c8d51970df79ed3f0659247923bca16dc3083cd95a309bb1ff220a55ba7314","50469515","1717330485","2024-06-02 12:14:45","0x4ca377a1b7f16e102c1aa2a878e7d9e3281615d6","0x33a539e2469c8d3421b3ff29cc7b7de1e695ebfe","","0","0","0","0.00000782","0.0296769151731393","","","","0x1214c5e5",""
"0xe23b01666dcfcff3598b91cfa649b92dc710785b8d8d282cefc0c6a7ff4aacb7","50469576","1717330501","2024-06-02 12:15:01","0x4ca377a1b7f16e102c1aa2a878e7d9e3281615d6","0x33a539e2469c8d3421b3ff29cc7b7de1e695ebfe","","0","0","0","0.00000782","0.0296769151731393","","","","0x1214c5e5",""
"0xece40d938c45ee8ad9939ef38d917844bc50aa6011e15b4dff45513fd9de924c","50469638","1717330517","2024-06-02 12:15:17","0x4ca377a1b7f16e102c1aa2a878e7d9e3281615d6","0x33a539e2469c8d3421b3ff29cc7b7de1e695ebfe","","0","0","0","0.00000782","0.0296769151731393","","","","0x1214c5e5",""
"0x1452733860b9ff35618065bc4fe53c078a521e589d33a4d2c07046b66c7cb08e","50469701","1717330533","2024-06-02 12:15:33","0x4ca377a1b7f16e102c1aa2a878e7d9e3281615d6","0x33a539e2469c8d3421b3ff29cc7b7de1e695ebfe","","0","0","0","0.00000782","0.0296769151731393","","","","0x1214c5e5",""
"0x74bc45dc9c5afbf994127c019efce8db4ae2b5275fa7937747bc5ba6956e8106","50469765","1717330549","2024-06-02 12:15:49","0x4ca377a1b7f16e102c1aa2a878e7d9e3281615d6","0x33a539e2469c8d3421b3ff29cc7b7de1e695ebfe","","0","0","0","0.00000782","0.0296769151731393","","","","0x1214c5e5",""
"0x0e94052f9b3487df89a64e57e37354fc66b2606747f3f4392deb839508d11909","50469826","1717330566","2024-06-02 12:16:06","0x4ca377a1b7f16e102c1aa2a878e7d9e3281615d6","0x33a539e2469c8d3421b3ff29cc7b7de1e695ebfe","","0","0","0","0.00000782","0.0296769151731393","","","","0x1214c5e5",""
"0x468b0df09319f5109485a463699cf031f3bc7c3ff9c8e319a1efa89586d0a441","50469899","1717330582","2024-06-02 12:16:22","0x4ca377a1b7f16e102c1aa2a878e7d9e3281615d6","0x33a539e2469c8d3421b3ff29cc7b7de1e695ebfe","","0","0","0","0.00000537","0.0203791604194064","","","","0x1214c5e5",""
"0x7210c4c6aaf96b063c6502e3ec000c31e55873d8bc8475d2f63169ebeffa5064","50469962","1717330598","2024-06-02 12:16:38","0x4ca377a1b7f16e102c1aa2a878e7d9e3281615d6","0x33a539e2469c8d3421b3ff29cc7b7de1e695ebfe","","0","0","0","0.00000537","0.0203791604194064","","","","0x1214c5e5",""
"0x69083aaa7bccb47151e2e608f3ce800986eba9eb59fed244fdf8ab9cf01b48bc","50470029","1717330615","2024-06-02 12:16:55","0x4ca377a1b7f16e102c1aa2a878e7d9e3281615d6","0x33a539e2469c8d3421b3ff29cc7b7de1e695ebfe","","0","0","0","0.00000537","0.0203791604194064","","","","0x1214c5e5",""
"0x36e716fd74c7fb460fb2d6fab49b4e82974408e5effd5f0f5cb22821e1ef584a","50470087","1717330630","2024-06-02 12:17:10","0x4ca377a1b7f16e102c1aa2a878e7d9e3281615d6","0x33a539e2469c8d3421b3ff29cc7b7de1e695ebfe","","0","0","0","0.00000537","0.0203791604194064","","","","0x1214c5e5",""
"0xcf41420c0427ed917321af3e76978f7cc1268dca28bbdfae55aace386893d374","50470152","1717330647","2024-06-02 12:17:27","0x4ca377a1b7f16e102c1aa2a878e7d9e3281615d6","0x33a539e2469c8d3421b3ff29cc7b7de1e695ebfe","","0","0","0","0.00000537","0.0203791604194064","","","","0x1214c5e5",""
"0x4f71932920e5f2c9aa50853aac9b6e53e281dc9e438f93e2c3c25779ae964809","50470216","1717330664","2024-06-02 12:17:44","0x4ca377a1b7f16e102c1aa2a878e7d9e3281615d6","0x33a539e2469c8d3421b3ff29cc7b7de1e695ebfe","","0","0","0","0.00000537","0.0203791604194064","","","","0x1214c5e5",""
"0x8720eca3acbdbb56b061fe04352f356e08ea9991b7d5bfd38e9ddc344404c031","50470277","1717330679","2024-06-02 12:17:59","0x4ca377a1b7f16e102c1aa2a878e7d9e3281615d6","0x33a539e2469c8d3421b3ff29cc7b7de1e695ebfe","","0","0","0","0.00000537","0.0203791604194064","","","","0x1214c5e5",""
"0xd28a83e6f4923da904b1fd0eb806a11b09431550b1db692a9aeacf0a16b0999c","50470342","1717330696","2024-06-02 12:18:16","0x4ca377a1b7f16e102c1aa2a878e7d9e3281615d6","0x33a539e2469c8d3421b3ff29cc7b7de1e695ebfe","","0","0","0","0.00000537","0.0203791604194064","","","","0x1214c5e5",""
"0xd5a938b29d214ad12d2da8976e0a13a8cd1b6d40c63a49c2b17df603a6331a33","50470403","1717330712","2024-06-02 12:18:32","0x4ca377a1b7f16e102c1aa2a878e7d9e3281615d6","0x33a539e2469c8d3421b3ff29cc7b7de1e695ebfe","","0","0","0","0.00000537","0.0203791604194064","","","","0x1214c5e5",""
"0xb683b07c5eb3c590bbecbc69d6fafdb986dd94f4023046148ba18a64ad4e5c2c","50470467","1717330728","2024-06-02 12:18:48","0x4ca377a1b7f16e102c1aa2a878e7d9e3281615d6","0x33a539e2469c8d3421b3ff29cc7b7de1e695ebfe","","0","0","0","0.00000537","0.0203791604194064","","","","0x1214c5e5",""
"0x7893a64121699eb6c21e69faf8b9a67e896a7591f266686063b135d46f007894","50470534","1717330745","2024-06-02 12:19:05","0x4ca377a1b7f16e102c1aa2a878e7d9e3281615d6","0x33a539e2469c8d3421b3ff29cc7b7de1e695ebfe","","0","0","0","0.00000537","0.0203791604194064","","","","0x1214c5e5",""
"0xe557a6909db0fd05fd0182bc52f00c549efe1e5ff54934de5f4f3fe457520135","50470594","1717330760","2024-06-02 12:19:20","0x4ca377a1b7f16e102c1aa2a878e7d9e3281615d6","0x33a539e2469c8d3421b3ff29cc7b7de1e695ebfe","","0","0","0","0.00000537","0.0203791604194064","","","","0x1214c5e5",""
"0xf3098f2c162c5af15b337abcabc09f6a3169d4177f9b1cf89ed3fcb060502f1a","50470656","1717330777","2024-06-02 12:19:37","0x4ca377a1b7f16e102c1aa2a878e7d9e3281615d6","0x33a539e2469c8d3421b3ff29cc7b7de1e695ebfe","","0","0","0","0.00000537","0.0203791604194064","","","","0x1214c5e5",""
"0xa58f9792b62d74551902ba3fa3bac9ac523487b5464036d5920dd02c706aa9b8","50470718","1717330792","2024-06-02 12:19:52","0x4ca377a1b7f16e102c1aa2a878e7d9e3281615d6","0x33a539e2469c8d3421b3ff29cc7b7de1e695ebfe","","0","0","0","0.00000537","0.0203791604194064","","","","0x1214c5e5",""
"0x870ac46e63b568bd7f962abb4b2bcb24683d667837430e84b6f87baee2e85ce8","50470779","1717330808","2024-06-02 12:20:08","0x4ca377a1b7f16e102c1aa2a878e7d9e3281615d6","0x33a539e2469c8d3421b3ff29cc7b7de1e695ebfe","","0","0","0","0.00000537","0.0203791604194064","","","","0x1214c5e5",""
"0xa38cfed32ca766b954b3e49922a3b15ac28ca3f296fe957ff292541024f99389","50470839","1717330823","2024-06-02 12:20:23","0x4ca377a1b7f16e102c1aa2a878e7d9e3281615d6","0x33a539e2469c8d3421b3ff29cc7b7de1e695ebfe","","0","0","0","0.00000537","0.0203791604194064","","","","0x1214c5e5",""
"0x31d39e20835cc686c2545495c42b456a129573414fa5d40eceff0874c69f0875","50470901","1717330839","2024-06-02 12:20:39","0x4ca377a1b7f16e102c1aa2a878e7d9e3281615d6","0x33a539e2469c8d3421b3ff29cc7b7de1e695ebfe","","0","0","0","0.00000537","0.0203791604194064","","","","0x1214c5e5",""
"0x962f885344d0905b343e0aedb59e00371239b8dae14b99b979a8de297f88f6e1","50470967","1717330856","2024-06-02 12:20:56","0x4ca377a1b7f16e102c1aa2a878e7d9e3281615d6","0x33a539e2469c8d3421b3ff29cc7b7de1e695ebfe","","0","0","0","0.00000537","0.0203791604194064","","","","0x1214c5e5",""
