"Txhash","Blockno","UnixTimestamp","DateTime","From","To","ContractAddress","Value_IN(ETH)","Value_OUT(ETH)","CurrentValue @ $3793.69831486361/ETH","TxnFee(ETH)","TxnFee(USD)","Historical $Price/ETH","Status","ErrCode","Method"
"0x38ef7e90e9ab113acb1f7a59aac9871a1f7fe10171cc82be67eaa74f2b522d4b","50470981","1717330860","2024-06-02 12:21:00","0x5fc9e2028472c4419677ffab72cd81136aaf915a","0x33a539e2469c8d3421b3ff29cc7b7de1e695ebfe","","0","0","0","0.0000111","0.0421100512949861","","","","0x50a24a00",""
"0x8b6b658bcbb0ff911175d905d3060ccab2c69d46f3695a557bf1585ad015bb35","50470996","1717330864","2024-06-02 12:21:04","0x5fc9e2028472c4419677ffab72cd81136aaf915a","0x33a539e2469c8d3421b3ff29cc7b7de1e695ebfe","","0","0","0","0.00001104","0.0418824293960943","","","","0x50a24a00",""
"0xd84ebed2df9b34b3dc239fdf517b9b09a5362ca4ea33adc0e7c6bd4d230bd530","50471011","1717330867","2024-06-02 12:21:07","0x5fc9e2028472c4419677ffab72cd81136aaf915a","0x33a539e2469c8d3421b3ff29cc7b7de1e695ebfe","","0","0","0","0.00001107","0.0419962403455402","","","","0x50a24a00",""
"0xc90aa4ff092a2a9d8c8d34962c39b9604df2bac1cdf468651dda444708eb5dc3","50471027","1717330871","2024-06-02 12:21:11","0x5fc9e2028472c4419677ffab72cd81136aaf915a","0x33a539e2469c8d3421b3ff29cc7b7de1e695ebfe","","0","0","0","0.00001104","0.0418824293960943","","","","0x50a24a00",""
"0x9ba97ea36d7637b7a723783939b9a12f4346821dee7878e8553b7d0b6f59ee4a","50471042","1717330875","2024-06-02 12:21:15","0x5fc9e2028472c4419677ffab72cd81136aaf915a","0x33a539e2469c8d3421b3ff29cc7b7de1e695ebfe","","0","0","0","0.0000111","0.0421100512949861","","","","0x50a24a00",""
"0xc914da5ae18cbb15f964c6cfea1a787980066fc80c0972c3e7e1a8e61e22afa7","50471060","1717330880","2024-06-02 12:21:20","0x5fc9e2028472c4419677ffab72cd81136aaf915a","0x33a539e2469c8d3421b3ff29cc7b7de1e695ebfe","","0","0","0","0.00001098","0.0416548074972024","","","","0x50a24a00",""
"0x09c0072cf249e0986086fc3cfe5bbd216f07dfd2701816abd9287445b157d271","50471075","1717330884","2024-06-02 12:21:24","0x5fc9e2028472c4419677ffab72cd81136aaf915a","0x33a539e2469c8d3421b3ff29cc7b7de1e695ebfe","","0","0","0","0.00001109","0.0420721143118374","","","","0x50a24a00",""
"0x2f43ec6082143a47e3e597d3b244266f340057cd4ee1097b79c8064c2ec3cf3d","50471090","1717330887","2024-06-02 12:21:27","0x5fc9e2028472c4419677ffab72cd81136aaf915a","0x33a539e2469c8d3421b3ff29cc7b7de1e695ebfe","","0","0","0","0.00001115","0.0422997362107293","","","","0x50a24a00",""
"0xe83f9d9b7edd51c39bf0db6fdd39673ffe6bd2a4d35872a3690abb6c9c555357","50471105","1717330891","2024-06-02 12:21:31","0x5fc9e2028472c4419677ffab72cd81136aaf915a","0x33a539e2469c8d3421b3ff29cc7b7de1e695ebfe","","0","0","0","0.00001115","0.0422997362107293","","","","0x50a24a00",""
"0x1e9a9e88456603932a731fd153822b294b9077c82bffcdbfcd6d18f56bf68f88","50471122","1717330896","2024-06-02 12:21:36","0x5fc9e2028472c4419677ffab72cd81136aaf915a","0x33a539e2469c8d3421b3ff29cc7b7de1e695ebfe","","0","0","0","0.00001115","0.0422997362107293","","","","0x50a24a00",""
"0xb729ece24ff155b65dcb67253f3c7e93cb43e876c7ee078f20158bc6befe30e7","50471137","1717330899","2024-06-02 12:21:39","0x5fc9e2028472c4419677ffab72cd81136aaf915a","0x33a539e2469c8d3421b3ff29cc7b7de1e695ebfe","","0","0","0","0.00001108","0.0420341773286888","","","","0x50a24a00",""
"0xf0a53d163aa8c7d58c0af4107dbeadea671ca16484e2bc1c949f33513264c2bc","50471153","1717330904","2024-06-02 12:21:44","0x5fc9e2028472c4419677ffab72cd81136aaf915a","0x33a539e2469c8d3421b3ff29cc7b7de1e695ebfe","","0","0","0","0.00001106","0.0419583033623915","","","","0x50a24a00",""
"0x7598364b5b3869a101ac8595e03a1ae587f5862140d6e340e49e612529c55d5a","50471169","1717330908","2024-06-02 12:21:48","0x5fc9e2028472c4419677ffab72cd81136aaf915a","0x33a539e2469c8d3421b3ff29cc7b7de1e695ebfe","","0","0","0","0.00001112","0.0421859252612833","","","","0x50a24a00",""
"0x0bf4df1c33209d846e044c1b35caea80eafb1d4443fb984a09e47b17d327fc19","50471186","1717330912","2024-06-02 12:21:52","0x5fc9e2028472c4419677ffab72cd81136aaf915a","0x33a539e2469c8d3421b3ff29cc7b7de1e695ebfe","","0","0","0","0.00001114","0.0422617992275806","","","","0x50a24a00",""
"0x4413f31a4c3f2fdbcccf640fa5e6ace2d6cfea43d662aadd441065e93317c0ad","50471202","1717330916","2024-06-02 12:21:56","0x5fc9e2028472c4419677ffab72cd81136aaf915a","0x33a539e2469c8d3421b3ff29cc7b7de1e695ebfe","","0","0","0","0.0000112","0.0424894211264724","","","","0x50a24a00",""
"0x519c786e114352ac458aab5bd2e47919c6f0a884b0721c10e2b7c38a1a76754a","50471217","1717330920","2024-06-02 12:22:00","0x5fc9e2028472c4419677ffab72cd81136aaf915a","0x33a539e2469c8d3421b3ff29cc7b7de1e695ebfe","","0","0","0","0.00001105","0.0419203663792429","","","","0x50a24a00",""
"0xaa22a8c49af128ed2c76caf731e19fdf1424c6f06380b66dbb233084ce968bbb","50471231","1717330923","2024-06-02 12:22:03","0x5fc9e2028472c4419677ffab72cd81136aaf915a","0x33a539e2469c8d3421b3ff29cc7b7de1e695ebfe","","0","0","0","0.00001109","0.0420721143118374","","","","0x50a24a00",""
"0xa5e28b8e5f3daf946cc8be44178768a7e01dfcac5e38c83a5bc4ca7aed479684","50471246","1717330927","2024-06-02 12:22:07","0x5fc9e2028472c4419677ffab72cd81136aaf915a","0x33a539e2469c8d3421b3ff29cc7b7de1e695ebfe","","0","0","0","0.00001105","0.0419203663792429","","","","0x50a24a00",""
"0x4d497fbe628ad212cc7dfedb4666573c6ea99c197ad471ba3e06818f4eee982f","50471261","1717330931","2024-06-02 12:22:11","0x5fc9e2028472c4419677ffab72cd81136aaf915a","0x33a539e2469c8d3421b3ff29cc7b7de1e695ebfe","","0","0","0","0.00001115","0.0422997362107293","","","","0x50a24a00",""
"0x8ea56c0f8a7eeec68f1b714e9bad664b64128059e965e6d5e1abfd15ef5d9cd6","50471276","1717330935","2024-06-02 12:22:15","0x5fc9e2028472c4419677ffab72cd81136aaf915a","0x33a539e2469c8d3421b3ff29cc7b7de1e695ebfe","","0","0","0","0.00001105","0.0419203663792429","","","","0x50a24a00",""
"0x0fd4ae631ed0620ce1869cc515a6f8e64a674c1f074e399a339dbcce39cf7aac","50471292","1717330939","2024-06-02 12:22:19","0x5fc9e2028472c4419677ffab72cd81136aaf915a","0x33a539e2469c8d3421b3ff29cc7b7de1e695ebfe","","0","0","0","0.00001112","0.0421859252612833","","","","0x50a24a00",""
"0x168dfeffdf9e98448bd76452c08abae143b2a7b04f7fb403bb57333f3913d1cb","50471307","1717330943","2024-06-02 12:22:23","0x5fc9e2028472c4419677ffab72cd81136aaf915a","0x33a539e2469c8d3421b3ff29cc7b7de1e695ebfe","","0","0","0","0.00001105","0.0419203663792429","","","","0x50a24a00",""
"0xf03c8b0261e89852c6b481d377bd6659d86db8ea05a5989577827b94553c35a2","50471323","1717330947","2024-06-02 12:22:27","0x5fc9e2028472c4419677ffab72cd81136aaf915a","0x33a539e2469c8d3421b3ff29cc7b7de1e695ebfe","","0","0","0","0.00001114","0.0422617992275806","","","","0x50a24a00",""
"0xef57080cedc39ffe8f45cb6dd080cfcbfed632d74fb0bd5a7564f95b8952a210","50471339","1717330951","2024-06-02 12:22:31","0x5fc9e2028472c4419677ffab72cd81136aaf915a","0x33a539e2469c8d3421b3ff29cc7b7de1e695ebfe","","0","0","0","0.00001111","0.0421479882781347","","","","0x50a24a00",""
"0xdb1ed30c11e2190ce948d1577de648a08da2582ca7e9d033246bc87c263a35ba","50471358","1717330955","2024-06-02 12:22:35","0x5fc9e2028472c4419677ffab72cd81136aaf915a","0x33a539e2469c8d3421b3ff29cc7b7de1e695ebfe","","0","0","0","0.00001111","0.0421479882781347","","","","0x50a24a00",""
"0x07246918c49d9a124a46b4caa8ccc079c5044bd38cbb76b5ae9a6dd925cab05a","50471373","1717330959","2024-06-02 12:22:39","0x5fc9e2028472c4419677ffab72cd81136aaf915a","0x33a539e2469c8d3421b3ff29cc7b7de1e695ebfe","","0","0","0","0.00001111","0.0421479882781347","","","","0x50a24a00",""
"0x91916dde22a2d581a87357dce83db074ad47596218046d796dc3a6b7f6a5ba21","50471387","1717330963","2024-06-02 12:22:43","0x5fc9e2028472c4419677ffab72cd81136aaf915a","0x33a539e2469c8d3421b3ff29cc7b7de1e695ebfe","","0","0","0","0.00001114","0.0422617992275806","","","","0x50a24a00",""
"0x1a8bf3d6f10bef2ccfa36c481f08cb3731f3341a7d7f18d81350dedbb1ec7da1","50471411","1717330967","2024-06-02 12:22:47","0x5fc9e2028472c4419677ffab72cd81136aaf915a","0x33a539e2469c8d3421b3ff29cc7b7de1e695ebfe","","0","0","0","0.00003505","0.13296912593597","","","","0x50a24a00",""
"0xa23ecbe1a9cbf6366a42acf440460e3bff19e2733efb1fc54bd0f6db494cf0f0","50471428","1717330971","2024-06-02 12:22:51","0x5fc9e2028472c4419677ffab72cd81136aaf915a","0x33a539e2469c8d3421b3ff29cc7b7de1e695ebfe","","0","0","0","0.00003549","0.13463835319451","","","","0x50a24a00",""
"0x70330eb6d5e5b9706c152ded8e19853ad01a113f63ccf9d87fbdec51031a0919","50471444","1717330975","2024-06-02 12:22:55","0x5fc9e2028472c4419677ffab72cd81136aaf915a","0x33a539e2469c8d3421b3ff29cc7b7de1e695ebfe","","0","0","0","0.00003434","0.130275600132416","","","","0x50a24a00",""
"0x8bc717a9c1bb2d9cddf1359cf8cce2612339c02aa5c3b9bcf9c364d73ac45317","50471461","1717330980","2024-06-02 12:23:00","0x5fc9e2028472c4419677ffab72cd81136aaf915a","0x33a539e2469c8d3421b3ff29cc7b7de1e695ebfe","","0","0","0","0.00003532","0.133993424480983","","","","0x50a24a00",""
"0xfefbf9da4fad1c1dd7c0f86145f7ea5ea5f96e604b69457866192aeefed81c0f","50471476","1717330984","2024-06-02 12:23:04","0x5fc9e2028472c4419677ffab72cd81136aaf915a","0x33a539e2469c8d3421b3ff29cc7b7de1e695ebfe","","0","0","0","0.00003585","0.13600408458786","","","","0x50a24a00",""
"0xbe4602a1fb9c6cd678fde9fb316ec41368b5c7096220b206878c3bd87c524892","50471490","1717330987","2024-06-02 12:23:07","0x5fc9e2028472c4419677ffab72cd81136aaf915a","0x33a539e2469c8d3421b3ff29cc7b7de1e695ebfe","","0","0","0","0.00003523","0.133651991632645","","","","0x50a24a00",""
"0x81b17386f561ebfc8008760d184b64b658664403419df54e26abd16f32aa9f38","50471506","1717330991","2024-06-02 12:23:11","0x5fc9e2028472c4419677ffab72cd81136aaf915a","0x33a539e2469c8d3421b3ff29cc7b7de1e695ebfe","","0","0","0","0.00003576","0.135662651739523","","","","0x50a24a00",""
"0x8963b4bd3d7b7b5d6718e69a8e9062ce7b5ff31aa2b41ac994372c7e1aedc46b","50471518","1717330995","2024-06-02 12:23:15","0x5fc9e2028472c4419677ffab72cd81136aaf915a","0x33a539e2469c8d3421b3ff29cc7b7de1e695ebfe","","0","0","0","0.00003487","0.132286260239294","","","","0x50a24a00",""
"0x167f1fe07501aac5c4dcab0b8d30aff244c3d5e744cbba40e11a91fd4141e76b","50471533","1717330999","2024-06-02 12:23:19","0x5fc9e2028472c4419677ffab72cd81136aaf915a","0x33a539e2469c8d3421b3ff29cc7b7de1e695ebfe","","0","0","0","0.00003576","0.135662651739523","","","","0x50a24a00",""
"0x163a65ff483c99778b1f38175b644aee77f3a586a6c1fa0cb4a793f29e9177d5","50471549","1717331003","2024-06-02 12:23:23","0x5fc9e2028472c4419677ffab72cd81136aaf915a","0x33a539e2469c8d3421b3ff29cc7b7de1e695ebfe","","0","0","0","0.00003523","0.133651991632645","","","","0x50a24a00",""
"0x72f5d371b6696f6d6d63816d25a0775dfdda9410d7e62013a78e574e19d3c6e4","50471564","1717331007","2024-06-02 12:23:27","0x5fc9e2028472c4419677ffab72cd81136aaf915a","0x33a539e2469c8d3421b3ff29cc7b7de1e695ebfe","","0","0","0","0.00003549","0.13463835319451","","","","0x50a24a00",""
"0xa51a87a897a2c05ca5a13d6df4dacfc9c3158fe7e66ff3afba4c64285380a445","50471579","1717331011","2024-06-02 12:23:31","0x5fc9e2028472c4419677ffab72cd81136aaf915a","0x33a539e2469c8d3421b3ff29cc7b7de1e695ebfe","","0","0","0","0.00003532","0.133993424480983","","","","0x50a24a00",""
"0x52325b333357857d18e7a8503db326088f589f57b4a17df38ede32370ca20527","50471596","1717331015","2024-06-02 12:23:35","0x5fc9e2028472c4419677ffab72cd81136aaf915a","0x33a539e2469c8d3421b3ff29cc7b7de1e695ebfe","","0","0","0","0.00003532","0.133993424480983","","","","0x50a24a00",""
"0x8772d7d0a8f4c8ecd8497ba33038b14ad888ff5cbe261e0e665a56efeea030c6","50471610","1717331019","2024-06-02 12:23:39","0x5fc9e2028472c4419677ffab72cd81136aaf915a","0x33a539e2469c8d3421b3ff29cc7b7de1e695ebfe","","0","0","0","0.00003505","0.13296912593597","","","","0x50a24a00",""
"0xf22db304a6f0c75940fa124de978234cc27f2c2be77466d5368a61d6153bcef7","50471624","1717331022","2024-06-02 12:23:42","0x5fc9e2028472c4419677ffab72cd81136aaf915a","0x33a539e2469c8d3421b3ff29cc7b7de1e695ebfe","","0","0","0","0.00003452","0.130958465829092","","","","0x50a24a00",""
"0xec8a747ac83cb1883dd03cc15db7db9bf1f5559512d1c76a5a0b4afca714ab0c","50471639","1717331026","2024-06-02 12:23:46","0x5fc9e2028472c4419677ffab72cd81136aaf915a","0x33a539e2469c8d3421b3ff29cc7b7de1e695ebfe","","0","0","0","0.0000347","0.131641331525767","","","","0x50a24a00",""
"0x2c8f1bde042146f11dc760be1a6cbefac8b634596e4ce8a2458337c7353c5227","50471653","1717331030","2024-06-02 12:23:50","0x5fc9e2028472c4419677ffab72cd81136aaf915a","0x33a539e2469c8d3421b3ff29cc7b7de1e695ebfe","","0","0","0","0.00003496","0.132627693087632","","","","0x50a24a00",""
"0x44623e5e440479011ff85eee4c098b34c56e3886451a04dbd6799d6a11493647","50471668","1717331034","2024-06-02 12:23:54","0x5fc9e2028472c4419677ffab72cd81136aaf915a","0x33a539e2469c8d3421b3ff29cc7b7de1e695ebfe","","0","0","0","0.00003523","0.133651991632645","","","","0x50a24a00",""
"0x522c288948e9b3dcd3985b5ea32578229c418abf1c207ab2183a045d4f4e6beb","50471682","1717331037","2024-06-02 12:23:57","0x5fc9e2028472c4419677ffab72cd81136aaf915a","0x33a539e2469c8d3421b3ff29cc7b7de1e695ebfe","","0","0","0","0.00003479","0.131982764374105","","","","0x50a24a00",""
"0x3112d9cfbc79e90e7c6ab467d2bafc16954248740ca692d782ad047a80bc6b36","50471697","1717331041","2024-06-02 12:24:01","0x5fc9e2028472c4419677ffab72cd81136aaf915a","0x33a539e2469c8d3421b3ff29cc7b7de1e695ebfe","","0","0","0","0.00003532","0.133993424480983","","","","0x50a24a00",""
"0xa21e0c07988180b01fbdcffdaa34e99b9ad802d380fb5628ac76e943e68ae2db","50471712","1717331045","2024-06-02 12:24:05","0x5fc9e2028472c4419677ffab72cd81136aaf915a","0x33a539e2469c8d3421b3ff29cc7b7de1e695ebfe","","0","0","0","0.00003505","0.13296912593597","","","","0x50a24a00",""
"0x0abdb6797066c43f0226b71a2056b321df4942f846fcb69b8e976c73accfd170","50471728","1717331049","2024-06-02 12:24:09","0x5fc9e2028472c4419677ffab72cd81136aaf915a","0x33a539e2469c8d3421b3ff29cc7b7de1e695ebfe","","0","0","0","0.00003549","0.13463835319451","","","","0x50a24a00",""
"0x718ae37a34d66a88d95d70b5d4dff938e0631d57e8c4744cdc35266fa1c2845d","50471743","1717331053","2024-06-02 12:24:13","0x5fc9e2028472c4419677ffab72cd81136aaf915a","0x33a539e2469c8d3421b3ff29cc7b7de1e695ebfe","","0","0","0","0.00003541","0.13433485732932","","","","0x50a24a00",""
"0x1dfbf36b7d49d0bfa27f7fcf1d4a4f3cd0fffc487b8ee8a5df3f2d15e342f867","50471758","1717331057","2024-06-02 12:24:17","0x5fc9e2028472c4419677ffab72cd81136aaf915a","0x33a539e2469c8d3421b3ff29cc7b7de1e695ebfe","","0","0","0","0.00003532","0.133993424480983","","","","0x50a24a00",""
"0x099c0bd7b7897c4a07fe835fb3d52d851e17dfdf7ddde75c5fd1e1d3eb43c00d","50471774","1717331062","2024-06-02 12:24:22","0x5fc9e2028472c4419677ffab72cd81136aaf915a","0x33a539e2469c8d3421b3ff29cc7b7de1e695ebfe","","0","0","0","0.00003496","0.132627693087632","","","","0x50a24a00",""
"0xaf63b44ca061a74260a789297379127b997bea817c180522d39372eaea62cae5","50471788","1717331065","2024-06-02 12:24:25","0x5fc9e2028472c4419677ffab72cd81136aaf915a","0x33a539e2469c8d3421b3ff29cc7b7de1e695ebfe","","0","0","0","0.00003496","0.132627693087632","","","","0x50a24a00",""
"0xec9633fefca7e843aadfe59aea7e56f61e9e0ee91f006de2ca8cfd7c49781d71","50471803","1717331069","2024-06-02 12:24:29","0x5fc9e2028472c4419677ffab72cd81136aaf915a","0x33a539e2469c8d3421b3ff29cc7b7de1e695ebfe","","0","0","0","0.00003558","0.134979786042847","","","","0x50a24a00",""
"0x1533a119d0b036260f23286a408bb7de07710e03976e3518a4466e1689143cef","50471819","1717331073","2024-06-02 12:24:33","0x5fc9e2028472c4419677ffab72cd81136aaf915a","0x33a539e2469c8d3421b3ff29cc7b7de1e695ebfe","","0","0","0","0.00003487","0.132286260239294","","","","0x50a24a00",""
"0x9fb2b5e90e801399621230c380623de8af07f94b507317372ed8d56faa4c1298","50471835","1717331077","2024-06-02 12:24:37","0x5fc9e2028472c4419677ffab72cd81136aaf915a","0x33a539e2469c8d3421b3ff29cc7b7de1e695ebfe","","0","0","0","0.00003434","0.130275600132416","","","","0x50a24a00",""
"0x38e615cf5d7ea87fe850ba3fe4377f223f01f5358e2a7c2945bccab3978457d6","50471850","1717331081","2024-06-02 12:24:41","0x5fc9e2028472c4419677ffab72cd81136aaf915a","0x33a539e2469c8d3421b3ff29cc7b7de1e695ebfe","","0","0","0","0.00003496","0.132627693087632","","","","0x50a24a00",""
"0x1bcfe534bdccd5e545eb5bc78e3eaf1b65ebff1ace71ef3d7cf603cb585d6a6d","50471864","1717331085","2024-06-02 12:24:45","0x5fc9e2028472c4419677ffab72cd81136aaf915a","0x33a539e2469c8d3421b3ff29cc7b7de1e695ebfe","","0","0","0","0.00003505","0.13296912593597","","","","0x50a24a00",""
"0x413875fc9415de9a7cc4e623afb81b64905c5ab5913312ff6353acb1a4aa476d","50471879","1717331089","2024-06-02 12:24:49","0x5fc9e2028472c4419677ffab72cd81136aaf915a","0x33a539e2469c8d3421b3ff29cc7b7de1e695ebfe","","0","0","0","0.00003558","0.134979786042847","","","","0x50a24a00",""
"0x0aa6ccfa8e9b7db16bcc14b30016c725d0b6c37a1d96016b5a346fcf887839c6","50471895","1717331093","2024-06-02 12:24:53","0x5fc9e2028472c4419677ffab72cd81136aaf915a","0x33a539e2469c8d3421b3ff29cc7b7de1e695ebfe","","0","0","0","0.00003567","0.135321218891185","","","","0x50a24a00",""
"0x239d8538f625e898b4462bc3e42dba3d72bd457783a6250e1bd4f27b7c7f4100","50471910","1717331097","2024-06-02 12:24:57","0x5fc9e2028472c4419677ffab72cd81136aaf915a","0x33a539e2469c8d3421b3ff29cc7b7de1e695ebfe","","0","0","0","0.00003479","0.131982764374105","","","","0x50a24a00",""
"0x049fad6313bfd8ce9e9cea651d9e438cf58a0f794b6ee0d1b0d0cc8c09a31098","50471924","1717331100","2024-06-02 12:25:00","0x5fc9e2028472c4419677ffab72cd81136aaf915a","0x33a539e2469c8d3421b3ff29cc7b7de1e695ebfe","","0","0","0","0.00003496","0.132627693087632","","","","0x50a24a00",""
"0x7ef2b45f6564813c450270df13ff8719bf94e1a52bd91ea2c68494773e962bc1","50471939","1717331104","2024-06-02 12:25:04","0x5fc9e2028472c4419677ffab72cd81136aaf915a","0x33a539e2469c8d3421b3ff29cc7b7de1e695ebfe","","0","0","0","0.00003541","0.13433485732932","","","","0x50a24a00",""
"0xeb646fcfc11c84b01863c5fc17e107458c5f56cac45b4e422cde45fbb630a0a2","50471955","1717331108","2024-06-02 12:25:08","0x5fc9e2028472c4419677ffab72cd81136aaf915a","0x33a539e2469c8d3421b3ff29cc7b7de1e695ebfe","","0","0","0","0.00003523","0.133651991632645","","","","0x50a24a00",""
"0xbd01ae3680de5d9ed6fe94885707ed0bbd9588a567080b1b588b639f3b1ed3c5","50471972","1717331112","2024-06-02 12:25:12","0x5fc9e2028472c4419677ffab72cd81136aaf915a","0x33a539e2469c8d3421b3ff29cc7b7de1e695ebfe","","0","0","0","0.00003585","0.13600408458786","","","","0x50a24a00",""
"0xe2dc0c2da43943eba34e2ea9ce035c54e7a8e1d6d54a23ae32d52e9e8b19a9b3","50471987","1717331116","2024-06-02 12:25:16","0x5fc9e2028472c4419677ffab72cd81136aaf915a","0x33a539e2469c8d3421b3ff29cc7b7de1e695ebfe","","0","0","0","0.00003541","0.13433485732932","","","","0x50a24a00",""
"0x6b736900846c057f48895c15e087a14cb596479b704fa97d35bf0a4afc0abee2","50472002","1717331120","2024-06-02 12:25:20","0x5fc9e2028472c4419677ffab72cd81136aaf915a","0x33a539e2469c8d3421b3ff29cc7b7de1e695ebfe","","0","0","0","0.00003523","0.133651991632645","","","","0x50a24a00",""
"0xbcd6ec9a03048ee6524b6d8f863bfd81565a31bed00350852f0718fb01c0c46c","50472017","1717331125","2024-06-02 12:25:25","0x5fc9e2028472c4419677ffab72cd81136aaf915a","0x33a539e2469c8d3421b3ff29cc7b7de1e695ebfe","","0","0","0","0.00003514","0.133310558784307","","","","0x50a24a00",""
"0x40fcc0a5784f09cecb5296220be04aeb53407dedf824aa731eb85fc73e43e8fb","50472031","1717331128","2024-06-02 12:25:28","0x5fc9e2028472c4419677ffab72cd81136aaf915a","0x33a539e2469c8d3421b3ff29cc7b7de1e695ebfe","","0","0","0","0.00003496","0.132627693087632","","","","0x50a24a00",""
"0x899af611124e3cf7ed68f343e5f4be262905888b36475bc374ddf7291ba8b24e","50472045","1717331132","2024-06-02 12:25:32","0x5fc9e2028472c4419677ffab72cd81136aaf915a","0x33a539e2469c8d3421b3ff29cc7b7de1e695ebfe","","0","0","0","0.00003514","0.133310558784307","","","","0x50a24a00",""
"0xa1bc91ee4dac493d3bd86a759d7c3dc454b1774874f795167d3eda7572e81501","50472060","1717331136","2024-06-02 12:25:36","0x5fc9e2028472c4419677ffab72cd81136aaf915a","0x33a539e2469c8d3421b3ff29cc7b7de1e695ebfe","","0","0","0","0.00003496","0.132627693087632","","","","0x50a24a00",""
"0xe3cbc51817d365a541518067e9757d04a5ff1c56fdb804fa196ecfb2aa0fe1ab","50472074","1717331140","2024-06-02 12:25:40","0x5fc9e2028472c4419677ffab72cd81136aaf915a","0x33a539e2469c8d3421b3ff29cc7b7de1e695ebfe","","0","0","0","0.00003558","0.134979786042847","","","","0x50a24a00",""
"0x127bc2aeae333bb0b6987e6c601b1310775d3a8ba2c47a326b099ae097a2db78","50472089","1717331144","2024-06-02 12:25:44","0x5fc9e2028472c4419677ffab72cd81136aaf915a","0x33a539e2469c8d3421b3ff29cc7b7de1e695ebfe","","0","0","0","0.0000347","0.131641331525767","","","","0x50a24a00",""
"0x9ad57e4e1bcb5554c2b262962f7eba70c77215bf617a74c157d40b4ad164db2e","50472105","1717331148","2024-06-02 12:25:48","0x5fc9e2028472c4419677ffab72cd81136aaf915a","0x33a539e2469c8d3421b3ff29cc7b7de1e695ebfe","","0","0","0","0.00003461","0.13129989867743","","","","0x50a24a00",""
"0x2c23e68f836b34f15a6bb1f7471af6d394209999f9dfe88fdfc984e6b3aaab90","50472120","1717331152","2024-06-02 12:25:52","0x5fc9e2028472c4419677ffab72cd81136aaf915a","0x33a539e2469c8d3421b3ff29cc7b7de1e695ebfe","","0","0","0","0.00003505","0.13296912593597","","","","0x50a24a00",""
"0x9a48d136d234ca91f729ff1c0e93879953b01bd8b311a2798e2ff5267fbe4f80","50472135","1717331156","2024-06-02 12:25:56","0x5fc9e2028472c4419677ffab72cd81136aaf915a","0x33a539e2469c8d3421b3ff29cc7b7de1e695ebfe","","0","0","0","0.00003532","0.133993424480983","","","","0x50a24a00",""
"0xc3bfc556815c8936aca407bf211fcd9acf547233274d86e726b0ef8eaeba675f","50472150","1717331160","2024-06-02 12:26:00","0x5fc9e2028472c4419677ffab72cd81136aaf915a","0x33a539e2469c8d3421b3ff29cc7b7de1e695ebfe","","0","0","0","0.00003479","0.131982764374105","","","","0x50a24a00",""
"0xc0613a4f7708ace3d3b610369ac14196a011876d78808a2b0ccfdc1bdab97204","50472164","1717331163","2024-06-02 12:26:03","0x5fc9e2028472c4419677ffab72cd81136aaf915a","0x33a539e2469c8d3421b3ff29cc7b7de1e695ebfe","","0","0","0","0.0000347","0.131641331525767","","","","0x50a24a00",""
"0xdb473563c442d823486045d39a4be61bd2625cf26047966ba82531fc32bb9133","50472180","1717331167","2024-06-02 12:26:07","0x5fc9e2028472c4419677ffab72cd81136aaf915a","0x33a539e2469c8d3421b3ff29cc7b7de1e695ebfe","","0","0","0","0.00003549","0.13463835319451","","","","0x50a24a00",""
"0xa60634593034481dcfc3480ca2e71ffdcf41a1f9d31ecbc232594bc28f4d4d94","50472196","1717331171","2024-06-02 12:26:11","0x5fc9e2028472c4419677ffab72cd81136aaf915a","0x33a539e2469c8d3421b3ff29cc7b7de1e695ebfe","","0","0","0","0.00003523","0.133651991632645","","","","0x50a24a00",""
"0x5da7a1d7a4104f1e484a78885a7a0ddd75301d539c6cd8fdf20c88c927fef592","50472211","1717331175","2024-06-02 12:26:15","0x5fc9e2028472c4419677ffab72cd81136aaf915a","0x33a539e2469c8d3421b3ff29cc7b7de1e695ebfe","","0","0","0","0.00003479","0.131982764374105","","","","0x50a24a00",""
"0x2ebfcc8ce20b7e2fcc789bc6c24175cae47a162469cfdb93375f9721644be9fe","50472226","1717331179","2024-06-02 12:26:19","0x5fc9e2028472c4419677ffab72cd81136aaf915a","0x33a539e2469c8d3421b3ff29cc7b7de1e695ebfe","","0","0","0","0.00003523","0.133651991632645","","","","0x50a24a00",""
"0xdfbf3523758074854f8f61095fa1f694e364805a5d55b3f6a0898e14ada11190","50472242","1717331183","2024-06-02 12:26:23","0x5fc9e2028472c4419677ffab72cd81136aaf915a","0x33a539e2469c8d3421b3ff29cc7b7de1e695ebfe","","0","0","0","0.00003487","0.132286260239294","","","","0x50a24a00",""
"0x5e19812edc6697f76ec06ea3d4a2d9ac506dcc11a5dad2ada216791b25888313","50472256","1717331187","2024-06-02 12:26:27","0x5fc9e2028472c4419677ffab72cd81136aaf915a","0x33a539e2469c8d3421b3ff29cc7b7de1e695ebfe","","0","0","0","0.00003505","0.13296912593597","","","","0x50a24a00",""
"0xafe896acec1d302e78c7d114cbbb7c0637451324882dd49f3f6689ff27597870","50472272","1717331191","2024-06-02 12:26:31","0x5fc9e2028472c4419677ffab72cd81136aaf915a","0x33a539e2469c8d3421b3ff29cc7b7de1e695ebfe","","0","0","0","0.00003558","0.134979786042847","","","","0x50a24a00",""
"0xf514f65495df57064bd31d74eb554284a007b5e6e35e2aa6aca91d73c84d049e","50472287","1717331195","2024-06-02 12:26:35","0x5fc9e2028472c4419677ffab72cd81136aaf915a","0x33a539e2469c8d3421b3ff29cc7b7de1e695ebfe","","0","0","0","0.00003496","0.132627693087632","","","","0x50a24a00",""
"0xfc4397e1a550df187360093263b26a4949ee3bce0eff1bf5820ec2887637dea9","50472301","1717331199","2024-06-02 12:26:39","0x5fc9e2028472c4419677ffab72cd81136aaf915a","0x33a539e2469c8d3421b3ff29cc7b7de1e695ebfe","","0","0","0","0.00003594","0.136345517436198","","","","0x50a24a00",""
"0xe04b76f95e0efb4a4f21a00cff36aa399a385b11607f6bb27a7d3445d439442a","50472320","1717331204","2024-06-02 12:26:44","0x5fc9e2028472c4419677ffab72cd81136aaf915a","0x33a539e2469c8d3421b3ff29cc7b7de1e695ebfe","","0","0","0","0.00003505","0.13296912593597","","","","0x50a24a00",""
"0x082cf075af0ac8d0fc9b91fa29ce9b6deb06dc51dfeeefacc014d581b60b0322","50472337","1717331208","2024-06-02 12:26:48","0x5fc9e2028472c4419677ffab72cd81136aaf915a","0x33a539e2469c8d3421b3ff29cc7b7de1e695ebfe","","0","0","0","0.00003505","0.13296912593597","","","","0x50a24a00",""
"0x1e944ef9bd936eb88aa99f1517d794961bebc853ee9f94ccbcf4a9bae024a087","50472354","1717331212","2024-06-02 12:26:52","0x5fc9e2028472c4419677ffab72cd81136aaf915a","0x33a539e2469c8d3421b3ff29cc7b7de1e695ebfe","","0","0","0","0.00003496","0.132627693087632","","","","0x50a24a00",""
"0x01be8fae0735fcb666733c80525a92ba59a1ce5facab0e686ee0d46d13aeb914","50472370","1717331217","2024-06-02 12:26:57","0x5fc9e2028472c4419677ffab72cd81136aaf915a","0x33a539e2469c8d3421b3ff29cc7b7de1e695ebfe","","0","0","0","0.00003523","0.133651991632645","","","","0x50a24a00",""
"0xcb6701c577cc277519007966a3fca87373f9bf0497fd6b5b98ebeb9bd613f402","50472384","1717331221","2024-06-02 12:27:01","0x5fc9e2028472c4419677ffab72cd81136aaf915a","0x33a539e2469c8d3421b3ff29cc7b7de1e695ebfe","","0","0","0","0.00003479","0.131982764374105","","","","0x50a24a00",""
"0xfed94a080addfb34c2090096ca8c6dd31cebe19200a4e17e00137383451a8554","50472398","1717331225","2024-06-02 12:27:05","0x5fc9e2028472c4419677ffab72cd81136aaf915a","0x33a539e2469c8d3421b3ff29cc7b7de1e695ebfe","","0","0","0","0.00003487","0.132286260239294","","","","0x50a24a00",""
"0xb37cf8063519a6441842a7a95bda8332133012eb4806992b33de4a4bba3812ac","50472413","1717331229","2024-06-02 12:27:09","0x5fc9e2028472c4419677ffab72cd81136aaf915a","0x33a539e2469c8d3421b3ff29cc7b7de1e695ebfe","","0","0","0","0.00003487","0.132286260239294","","","","0x50a24a00",""
"0xc3d4c4cfa5a36dce7a9759e1156171f60e4d91906a7d65d68532615e6bfdb687","50472428","1717331232","2024-06-02 12:27:12","0x5fc9e2028472c4419677ffab72cd81136aaf915a","0x33a539e2469c8d3421b3ff29cc7b7de1e695ebfe","","0","0","0","0.00003549","0.13463835319451","","","","0x50a24a00",""
"0xa0a0d778caac0e9b6ed5ae06d266c32bc9eaefe16037b0f24a46a3ffda1aab8d","50472444","1717331236","2024-06-02 12:27:16","0x5fc9e2028472c4419677ffab72cd81136aaf915a","0x33a539e2469c8d3421b3ff29cc7b7de1e695ebfe","","0","0","0","0.00003505","0.13296912593597","","","","0x50a24a00",""
"0x1da15aff282bf5be9af1b4befc4d920391cdbc7928630d6d7a8eb52acba4178b","50472458","1717331240","2024-06-02 12:27:20","0x5fc9e2028472c4419677ffab72cd81136aaf915a","0x33a539e2469c8d3421b3ff29cc7b7de1e695ebfe","","0","0","0","0.00003541","0.13433485732932","","","","0x50a24a00",""
"0x9ede35e8b5eb5c37833616f5f4b2a346319fa927481b3316c516a2bfa6778cfa","50472474","1717331244","2024-06-02 12:27:24","0x5fc9e2028472c4419677ffab72cd81136aaf915a","0x33a539e2469c8d3421b3ff29cc7b7de1e695ebfe","","0","0","0","0.00003514","0.133310558784307","","","","0x50a24a00",""
"0x4072e9bb428de93f61c2d6643820eb6f4973685662320f5e1f8a58bcd613e62a","50472490","1717331248","2024-06-02 12:27:28","0x5fc9e2028472c4419677ffab72cd81136aaf915a","0x33a539e2469c8d3421b3ff29cc7b7de1e695ebfe","","0","0","0","0.00003452","0.130958465829092","","","","0x50a24a00",""
"0x130f84030592db7c03f281d162532a568e39afcb6052fc77ecb7997fc1eacf49","50472510","1717331253","2024-06-02 12:27:33","0x5fc9e2028472c4419677ffab72cd81136aaf915a","0x33a539e2469c8d3421b3ff29cc7b7de1e695ebfe","","0","0","0","0.00003621","0.137369815981211","","","","0x50a24a00",""
