"Txhash","Blockno","UnixTimestamp","DateTime","From","To","ContractAddress","Value_IN(ETH)","Value_OUT(ETH)","CurrentValue @ $3794.50237236702/ETH","TxnFee(ETH)","TxnFee(USD)","Historical $Price/ETH","Status","ErrCode","Method"
"0x87fd2bdb5998b3b2effd902e26108e8bd642e9f995304d3b1f45b36735bd6c94","50167969","1717251433","2024-06-01 14:17:13","0x77d39851630069f55e4caacc1db793c7973e7876","0x33a539e2469c8d3421b3ff29cc7b7de1e695ebfe","","0","0","0","0.00000418","0.0158610199164941","3812.81","","","0xd0847fae",""
"0x82fe38861e4857b7ad8225f8c0afc6437e7b299ba455f94472f67213e278d656","50167976","1717251435","2024-06-01 14:17:15","0x77d39851630069f55e4caacc1db793c7973e7876","0x33a539e2469c8d3421b3ff29cc7b7de1e695ebfe","","0","0","0","0.00000323","0.0122562426627455","3812.81","","","0xceaa3182",""
"0x0fe91bd7e0464b78440feb98e5ccf8cbda30598a6faeedbc6776e5e963fbc746","50168035","1717251451","2024-06-01 14:17:31","0x77d39851630069f55e4caacc1db793c7973e7876","0x33a539e2469c8d3421b3ff29cc7b7de1e695ebfe","","0","0","0","0.00000418","0.0158610199164941","3812.81","","","0xd0847fae",""
"0x0c072d3981cffcc17b126d0a119a6ea405e52cfdc6d6e124c5802a63ad950144","50168043","1717251453","2024-06-01 14:17:33","0x77d39851630069f55e4caacc1db793c7973e7876","0x33a539e2469c8d3421b3ff29cc7b7de1e695ebfe","","0","0","0","0.00000323","0.0122562426627455","3812.81","","","0xceaa3182",""
"0x54b377b74ac986bfccb9374cff9da1a9d55ff9bf18604e19ffa4bf0b5f0a0932","50168097","1717251467","2024-06-01 14:17:47","0x77d39851630069f55e4caacc1db793c7973e7876","0x33a539e2469c8d3421b3ff29cc7b7de1e695ebfe","","0","0","0","0.00000418","0.0158610199164941","3812.81","","","0xd0847fae",""
"0x9b52d1baacef540990cca7196630eb9467f39ed459579e481be45f05e63b759e","50168105","1717251469","2024-06-01 14:17:49","0x77d39851630069f55e4caacc1db793c7973e7876","0x33a539e2469c8d3421b3ff29cc7b7de1e695ebfe","","0","0","0","0.00000323","0.0122562426627455","3812.81","","","0xceaa3182",""
"0x425aee126c4b702f03dd8d4f0a1bf3a1dc022a79fa41600408f3599775b35368","50168168","1717251482","2024-06-01 14:18:02","0x77d39851630069f55e4caacc1db793c7973e7876","0x33a539e2469c8d3421b3ff29cc7b7de1e695ebfe","","0","0","0","0.00000402","0.0152538995369154","3812.81","","","0xd0847fae",""
"0x27419fc25ec0801d8a2359253d8f5d1db7d7439bbeea05098d57e2b90ebb54c9","50168175","1717251484","2024-06-01 14:18:04","0x77d39851630069f55e4caacc1db793c7973e7876","0x33a539e2469c8d3421b3ff29cc7b7de1e695ebfe","","0","0","0","0.0000031","0.0117629573543378","3812.81","","","0xceaa3182",""
"0xed29ba7eefbecdda1ea9e99d6da4ac1ec5c60d629542d9f65d5c0d4843df2995","50168226","1717251497","2024-06-01 14:18:17","0x77d39851630069f55e4caacc1db793c7973e7876","0x33a539e2469c8d3421b3ff29cc7b7de1e695ebfe","","0","0","0","0.00000402","0.0152538995369154","3812.81","","","0xd0847fae",""
"0xe3b8c01094cb64660433f0de815ff3cdd30199957b4e947ee67429b94963246d","50168233","1717251499","2024-06-01 14:18:19","0x77d39851630069f55e4caacc1db793c7973e7876","0x33a539e2469c8d3421b3ff29cc7b7de1e695ebfe","","0","0","0","0.0000031","0.0117629573543378","3812.81","","","0xceaa3182",""
"0x39381018f336e1b1933641cc77a1ad17312d9e8bf0603b6456ab417c05173b7e","50168285","1717251512","2024-06-01 14:18:32","0x77d39851630069f55e4caacc1db793c7973e7876","0x33a539e2469c8d3421b3ff29cc7b7de1e695ebfe","","0","0","0","0.00000402","0.0152538995369154","3812.81","","","0xd0847fae",""
"0xe207abf66ec12282f6d8729994676768046f0396e01d052746cf3f5a3c69a34f","50168292","1717251514","2024-06-01 14:18:34","0x77d39851630069f55e4caacc1db793c7973e7876","0x33a539e2469c8d3421b3ff29cc7b7de1e695ebfe","","0","0","0","0.0000031","0.0117629573543378","3812.81","","","0xceaa3182",""
"0x5bf95cb79bb208ac8b461ed68e63cbe97acff1fc99dc64a64892572f2c24253b","50168344","1717251528","2024-06-01 14:18:48","0x77d39851630069f55e4caacc1db793c7973e7876","0x33a539e2469c8d3421b3ff29cc7b7de1e695ebfe","","0","0","0","0.00000402","0.0152538995369154","3812.81","","","0xd0847fae",""
"0x3575ea1e6e3269fe2d13d5ed6825253e64abc0c6fa874c5e62906a547688fa4a","50168351","1717251529","2024-06-01 14:18:49","0x77d39851630069f55e4caacc1db793c7973e7876","0x33a539e2469c8d3421b3ff29cc7b7de1e695ebfe","","0","0","0","0.0000031","0.0117629573543378","3812.81","","","0xceaa3182",""
"0xf6dfc7323d37aa68644471119cdedab80dfa8579c9278fdd2069aa030bf7a486","50168400","1717251542","2024-06-01 14:19:02","0x77d39851630069f55e4caacc1db793c7973e7876","0x33a539e2469c8d3421b3ff29cc7b7de1e695ebfe","","0","0","0","0.00000402","0.0152538995369154","3812.81","","","0xd0847fae",""
"0xd917f64a20a744d1240e8d3f8492a3aeb80001e69492c754511a70436397aef6","50168406","1717251544","2024-06-01 14:19:04","0x77d39851630069f55e4caacc1db793c7973e7876","0x33a539e2469c8d3421b3ff29cc7b7de1e695ebfe","","0","0","0","0.0000031","0.0117629573543378","3812.81","","","0xceaa3182",""
"0x3c680636a9b68b2b3a946a866f4e3819c16b712ec9b1a7012149e2133616d7e3","50168458","1717251558","2024-06-01 14:19:18","0x77d39851630069f55e4caacc1db793c7973e7876","0x33a539e2469c8d3421b3ff29cc7b7de1e695ebfe","","0","0","0","0.00000402","0.0152538995369154","3812.81","","","0xd0847fae",""
"0x9133d09788ac119524b309b51ef67919b058638d992023d9f4f76cd84ff9dcfe","50168464","1717251560","2024-06-01 14:19:20","0x77d39851630069f55e4caacc1db793c7973e7876","0x33a539e2469c8d3421b3ff29cc7b7de1e695ebfe","","0","0","0","0.0000031","0.0117629573543378","3812.81","","","0xceaa3182",""
"0x2930c5a4c78c6ac01783dfe61fbd795a3ba40211eca31dcc144e9a1056287662","50168517","1717251574","2024-06-01 14:19:34","0x77d39851630069f55e4caacc1db793c7973e7876","0x33a539e2469c8d3421b3ff29cc7b7de1e695ebfe","","0","0","0","0.00000402","0.0152538995369154","3812.81","","","0xd0847fae",""
"0x9474607909ba61e73e4632aa631efd3516da359db1195b75ac2b24af436b4072","50168524","1717251576","2024-06-01 14:19:36","0x77d39851630069f55e4caacc1db793c7973e7876","0x33a539e2469c8d3421b3ff29cc7b7de1e695ebfe","","0","0","0","0.0000031","0.0117629573543378","3812.81","","","0xceaa3182",""
"0x3176c04480b1cb65499cb702a059adb34788bf1a979c01702856fb69b2897876","50168575","1717251589","2024-06-01 14:19:49","0x77d39851630069f55e4caacc1db793c7973e7876","0x33a539e2469c8d3421b3ff29cc7b7de1e695ebfe","","0","0","0","0.00000402","0.0152538995369154","3812.81","","","0xd0847fae",""
"0xdd86d6a75ea905d394253d655f120fef596d59a813d9f835e98240316e883c9d","50168584","1717251592","2024-06-01 14:19:52","0x77d39851630069f55e4caacc1db793c7973e7876","0x33a539e2469c8d3421b3ff29cc7b7de1e695ebfe","","0","0","0","0.0000031","0.0117629573543378","3812.81","","","0xceaa3182",""
"0x1830ced7dab8b80d4ce8776ec2a38c40f498adb075e72092f0912df6e497fb3f","50168633","1717251605","2024-06-01 14:20:05","0x77d39851630069f55e4caacc1db793c7973e7876","0x33a539e2469c8d3421b3ff29cc7b7de1e695ebfe","","0","0","0","0.00000402","0.0152538995369154","3812.81","","","0xd0847fae",""
"0xa0fa2d231070f5e2d8e07e2f4b0f65caec88a37e7291d05a0e66b766861e05a9","50168641","1717251607","2024-06-01 14:20:07","0x77d39851630069f55e4caacc1db793c7973e7876","0x33a539e2469c8d3421b3ff29cc7b7de1e695ebfe","","0","0","0","0.0000031","0.0117629573543378","3812.81","","","0xceaa3182",""
"0x29f5cdc2c626ad9202da56f739e9480d35e2ec56853fdfa36adc71894e4388d9","50168692","1717251620","2024-06-01 14:20:20","0x77d39851630069f55e4caacc1db793c7973e7876","0x33a539e2469c8d3421b3ff29cc7b7de1e695ebfe","","0","0","0","0.00000402","0.0152538995369154","3812.81","","","0xd0847fae",""
"0x7da06d6b33b8681a67410c8745da1cb1c0e986213dd6841cf53b8a1a474b21ef","50168700","1717251623","2024-06-01 14:20:23","0x77d39851630069f55e4caacc1db793c7973e7876","0x33a539e2469c8d3421b3ff29cc7b7de1e695ebfe","","0","0","0","0.0000031","0.0117629573543378","3812.81","","","0xceaa3182",""
"0xc06b76667a8d880184aea7ca432ab2bc06d3951b815817b8e98d1328de5f21a8","50168753","1717251637","2024-06-01 14:20:37","0x77d39851630069f55e4caacc1db793c7973e7876","0x33a539e2469c8d3421b3ff29cc7b7de1e695ebfe","","0","0","0","0.00000402","0.0152538995369154","3812.81","","","0xd0847fae",""
"0x7dc76af6ba74a9baf74bb3cf36a603f951027579c51ca934bbff07391d76a9ff","50168761","1717251639","2024-06-01 14:20:39","0x77d39851630069f55e4caacc1db793c7973e7876","0x33a539e2469c8d3421b3ff29cc7b7de1e695ebfe","","0","0","0","0.0000031","0.0117629573543378","3812.81","","","0xceaa3182",""
"0xee79a92f0bfa21f70e18f6120af0f2f9122eff19edb3745cdf575172ae529479","50168812","1717251652","2024-06-01 14:20:52","0x77d39851630069f55e4caacc1db793c7973e7876","0x33a539e2469c8d3421b3ff29cc7b7de1e695ebfe","","0","0","0","0.00000402","0.0152538995369154","3812.81","","","0xd0847fae",""
"0x7099a54611d42c76e2153bb98b28e9700df3783b45dcaf0da8cd779bad09c522","50168819","1717251654","2024-06-01 14:20:54","0x77d39851630069f55e4caacc1db793c7973e7876","0x33a539e2469c8d3421b3ff29cc7b7de1e695ebfe","","0","0","0","0.0000031","0.0117629573543378","3812.81","","","0xceaa3182",""
"0xdfd675f887a0e59c7baced9cd8c063a29e01f95a6d01f710d0d532712247dbea","50168868","1717251667","2024-06-01 14:21:07","0x77d39851630069f55e4caacc1db793c7973e7876","0x33a539e2469c8d3421b3ff29cc7b7de1e695ebfe","","0","0","0","0.00000402","0.0152538995369154","3812.81","","","0xd0847fae",""
"0x322ee3373a04664ed36fd2ecffe1a32a6d18dc7a19b85228121d60801d5a1a58","50168876","1717251669","2024-06-01 14:21:09","0x77d39851630069f55e4caacc1db793c7973e7876","0x33a539e2469c8d3421b3ff29cc7b7de1e695ebfe","","0","0","0","0.0000031","0.0117629573543378","3812.81","","","0xceaa3182",""
"0x2742f5992511c8ff6d4858618c78cd37a0d2cc933bf9a42dc918ce2c45a2c2bc","50168931","1717251683","2024-06-01 14:21:23","0x77d39851630069f55e4caacc1db793c7973e7876","0x33a539e2469c8d3421b3ff29cc7b7de1e695ebfe","","0","0","0","0.00000402","0.0152538995369154","3812.81","","","0xd0847fae",""
"0xe7bddd8eedb74f465ad629bc14df5dfa45b56fff2315ca907dea727e8cad9b6f","50168942","1717251686","2024-06-01 14:21:26","0x77d39851630069f55e4caacc1db793c7973e7876","0x33a539e2469c8d3421b3ff29cc7b7de1e695ebfe","","0","0","0","0.0000031","0.0117629573543378","3812.81","","","0xceaa3182",""
"0xd0fc135bdfb502f22ac61f05825d6311877ed3d628975dcb0d828adb0af18950","50168997","1717251700","2024-06-01 14:21:40","0x77d39851630069f55e4caacc1db793c7973e7876","0x33a539e2469c8d3421b3ff29cc7b7de1e695ebfe","","0","0","0","0.00000402","0.0152538995369154","3812.81","","","0xd0847fae",""
"0x272bf102c62f1d0ca3ba5447cca5905f1dd35bf19c9c9f1a4e1b907cf2ddcc6d","50169005","1717251702","2024-06-01 14:21:42","0x77d39851630069f55e4caacc1db793c7973e7876","0x33a539e2469c8d3421b3ff29cc7b7de1e695ebfe","","0","0","0","0.0000031","0.0117629573543378","3812.81","","","0xceaa3182",""
"0xa5c2aa3de7c6bf3a0c89859d05786fc4d59d2c87f3691dedb0d870c7cfad676d","50169056","1717251715","2024-06-01 14:21:55","0x77d39851630069f55e4caacc1db793c7973e7876","0x33a539e2469c8d3421b3ff29cc7b7de1e695ebfe","","0","0","0","0.00000402","0.0152538995369154","3812.81","","","0xd0847fae",""
"0x63f95e31e8d4a23778033fa36589ba893dd12457069a29ae564489db64827033","50169063","1717251717","2024-06-01 14:21:57","0x77d39851630069f55e4caacc1db793c7973e7876","0x33a539e2469c8d3421b3ff29cc7b7de1e695ebfe","","0","0","0","0.0000031","0.0117629573543378","3812.81","","","0xceaa3182",""
"0x5316093ba585a6c0a7d88d74bd8905eb41eb3733aa4d1838e81d49bf8e9826dc","50169112","1717251730","2024-06-01 14:22:10","0x77d39851630069f55e4caacc1db793c7973e7876","0x33a539e2469c8d3421b3ff29cc7b7de1e695ebfe","","0","0","0","0.00000402","0.0152538995369154","3812.81","","","0xd0847fae",""
"0xcde5b8f52414c1ff86e704bddcbdc91cf84baee4949569695738df62aba6985c","50169119","1717251731","2024-06-01 14:22:11","0x77d39851630069f55e4caacc1db793c7973e7876","0x33a539e2469c8d3421b3ff29cc7b7de1e695ebfe","","0","0","0","0.0000031","0.0117629573543378","3812.81","","","0xceaa3182",""
"0x163e37a3e28b4bfdb7872cf33cae35d5cf60da896a0ff41db7016e126da344e9","50169172","1717251745","2024-06-01 14:22:25","0x77d39851630069f55e4caacc1db793c7973e7876","0x33a539e2469c8d3421b3ff29cc7b7de1e695ebfe","","0","0","0","0.00000402","0.0152538995369154","3812.81","","","0xd0847fae",""
"0x34cc1bc59bd50a998e72e87205969c78e7797137ca8460545556629769422938","50169179","1717251747","2024-06-01 14:22:27","0x77d39851630069f55e4caacc1db793c7973e7876","0x33a539e2469c8d3421b3ff29cc7b7de1e695ebfe","","0","0","0","0.0000031","0.0117629573543378","3812.81","","","0xceaa3182",""
"0x63111b1b9e260900389ff266a6c4f05f99e1df7357b34bdcf3da5103ce595571","50169231","1717251760","2024-06-01 14:22:40","0x77d39851630069f55e4caacc1db793c7973e7876","0x33a539e2469c8d3421b3ff29cc7b7de1e695ebfe","","0","0","0","0.00000402","0.0152538995369154","3812.81","","","0xd0847fae",""
"0x9c9cc79ce8db4c07170366d6ea182975bce62985b84a90e9649c23a7552674d2","50169238","1717251762","2024-06-01 14:22:42","0x77d39851630069f55e4caacc1db793c7973e7876","0x33a539e2469c8d3421b3ff29cc7b7de1e695ebfe","","0","0","0","0.0000031","0.0117629573543378","3812.81","","","0xceaa3182",""
"0x8509928c440810664c5973662392f8d2a11fe41a4028e7cd79aae17861c585ac","50169287","1717251774","2024-06-01 14:22:54","0x77d39851630069f55e4caacc1db793c7973e7876","0x33a539e2469c8d3421b3ff29cc7b7de1e695ebfe","","0","0","0","0.00000402","0.0152538995369154","3812.81","","","0xd0847fae",""
"0x5acd31cf9142882c1f323c8d3b4f9d5111d5fb10cf27edf179a2321d176ec82e","50169294","1717251776","2024-06-01 14:22:56","0x77d39851630069f55e4caacc1db793c7973e7876","0x33a539e2469c8d3421b3ff29cc7b7de1e695ebfe","","0","0","0","0.0000031","0.0117629573543378","3812.81","","","0xceaa3182",""
"0xf5c81783a5741b20a1839e130f27e24fabbe508b62b72e2579914a524969655e","50169343","1717251789","2024-06-01 14:23:09","0x77d39851630069f55e4caacc1db793c7973e7876","0x33a539e2469c8d3421b3ff29cc7b7de1e695ebfe","","0","0","0","0.00000402","0.0152538995369154","3812.81","","","0xd0847fae",""
"0x5d2882ac695f5f4e5e5a6a2a6abe14a05b20f0bcac0ee644f076a9d44d5c6e28","50169349","1717251791","2024-06-01 14:23:11","0x77d39851630069f55e4caacc1db793c7973e7876","0x33a539e2469c8d3421b3ff29cc7b7de1e695ebfe","","0","0","0","0.0000031","0.0117629573543378","3812.81","","","0xceaa3182",""
"0xaaf5d7402866ddc6e008766a607ee976477a0c8aca26edd4994f4fcf223a1a91","50169403","1717251805","2024-06-01 14:23:25","0x77d39851630069f55e4caacc1db793c7973e7876","0x33a539e2469c8d3421b3ff29cc7b7de1e695ebfe","","0","0","0","0.00000402","0.0152538995369154","3812.81","","","0xd0847fae",""
"0x6cf9e9fdb243770c65eaa7cfe50249672b7c9d13eaca7e510dd416bf01fbf1c0","50169410","1717251806","2024-06-01 14:23:26","0x77d39851630069f55e4caacc1db793c7973e7876","0x33a539e2469c8d3421b3ff29cc7b7de1e695ebfe","","0","0","0","0.0000031","0.0117629573543378","3812.81","","","0xceaa3182",""
"0xc30a14d83a257fe5d3977bae417255bdb9ccff2c57e44bca4690c25a0e9176c9","50169461","1717251820","2024-06-01 14:23:40","0x77d39851630069f55e4caacc1db793c7973e7876","0x33a539e2469c8d3421b3ff29cc7b7de1e695ebfe","","0","0","0","0.00000402","0.0152538995369154","3812.81","","","0xd0847fae",""
"0x448f7f5df1b216e586566c30fb726d3f39df2f7a5cee135d32f835df797a54e8","50169467","1717251821","2024-06-01 14:23:41","0x77d39851630069f55e4caacc1db793c7973e7876","0x33a539e2469c8d3421b3ff29cc7b7de1e695ebfe","","0","0","0","0.0000031","0.0117629573543378","3812.81","","","0xceaa3182",""
"0x0aa98a3aaa5554ba6c5636c8d6ddfcc538a55b3eec49bb253afcb603e7944f52","50169518","1717251834","2024-06-01 14:23:54","0x77d39851630069f55e4caacc1db793c7973e7876","0x33a539e2469c8d3421b3ff29cc7b7de1e695ebfe","","0","0","0","0.00000402","0.0152538995369154","3812.81","","","0xd0847fae",""
"0xb4c5b2a984413b649f5576b58b47a241a1230f824451392dd86f1821906d3e86","50169526","1717251836","2024-06-01 14:23:56","0x77d39851630069f55e4caacc1db793c7973e7876","0x33a539e2469c8d3421b3ff29cc7b7de1e695ebfe","","0","0","0","0.0000031","0.0117629573543378","3812.81","","","0xceaa3182",""
"0x1f709c5175688195295208262a1d8b28a8e41de982616108a9e9ed1a1377360c","50169587","1717251850","2024-06-01 14:24:10","0x77d39851630069f55e4caacc1db793c7973e7876","0x33a539e2469c8d3421b3ff29cc7b7de1e695ebfe","","0","0","0","0.00000402","0.0152538995369154","3812.81","","","0xd0847fae",""
"0x91ac6cb7b5bc7f2de7ee7f59fc73fa2dd791221069662e69871019c1562154af","50169595","1717251852","2024-06-01 14:24:12","0x77d39851630069f55e4caacc1db793c7973e7876","0x33a539e2469c8d3421b3ff29cc7b7de1e695ebfe","","0","0","0","0.0000031","0.0117629573543378","3812.81","","","0xceaa3182",""
"0x271566ce1ced4bde901bb781f46c7cd2497fcbe052d33ff1cf2122e66e52a7dd","50169646","1717251865","2024-06-01 14:24:25","0x77d39851630069f55e4caacc1db793c7973e7876","0x33a539e2469c8d3421b3ff29cc7b7de1e695ebfe","","0","0","0","0.00000402","0.0152538995369154","3812.81","","","0xd0847fae",""
"0xcb094d5f474f3ee02acd18660792691dac4e414f751ae096d46bb25cdd58b514","50169653","1717251867","2024-06-01 14:24:27","0x77d39851630069f55e4caacc1db793c7973e7876","0x33a539e2469c8d3421b3ff29cc7b7de1e695ebfe","","0","0","0","0.0000031","0.0117629573543378","3812.81","","","0xceaa3182",""
"0x3b7faf689d31e800a6a8c4d0fcff7bc971a868f42b2839bfd66e097d0cc28018","50169703","1717251880","2024-06-01 14:24:40","0x77d39851630069f55e4caacc1db793c7973e7876","0x33a539e2469c8d3421b3ff29cc7b7de1e695ebfe","","0","0","0","0.00000402","0.0152538995369154","3812.81","","","0xd0847fae",""
"0xb96125faa22957d71a0a270fa83b8191d1f6ddcd7baf332819f9f67a05b24533","50169710","1717251881","2024-06-01 14:24:41","0x77d39851630069f55e4caacc1db793c7973e7876","0x33a539e2469c8d3421b3ff29cc7b7de1e695ebfe","","0","0","0","0.0000031","0.0117629573543378","3812.81","","","0xceaa3182",""
"0xe145f497b0fb029de3bfeee421d86bd8d98dbb4bc8886a94af999478ba312e0e","50169763","1717251896","2024-06-01 14:24:56","0x77d39851630069f55e4caacc1db793c7973e7876","0x33a539e2469c8d3421b3ff29cc7b7de1e695ebfe","","0","0","0","0.00000402","0.0152538995369154","3812.81","","","0xd0847fae",""
"0x95c13dc387b7939b8272e84c90a4fbdd1d167c91decd5360ad4080932aedce1d","50169770","1717251898","2024-06-01 14:24:58","0x77d39851630069f55e4caacc1db793c7973e7876","0x33a539e2469c8d3421b3ff29cc7b7de1e695ebfe","","0","0","0","0.0000031","0.0117629573543378","3812.81","","","0xceaa3182",""
"0x2b27f501da3587769a13f4f10ecad2c616551ea269c80fa38103cac69181af16","50169821","1717251910","2024-06-01 14:25:10","0x77d39851630069f55e4caacc1db793c7973e7876","0x33a539e2469c8d3421b3ff29cc7b7de1e695ebfe","","0","0","0","0.00000402","0.0152538995369154","3812.81","","","0xd0847fae",""
"0x30f071a35fd5ab863986f8aca2bb910dda87431d0ffcead5f04e2166817fae27","50169828","1717251912","2024-06-01 14:25:12","0x77d39851630069f55e4caacc1db793c7973e7876","0x33a539e2469c8d3421b3ff29cc7b7de1e695ebfe","","0","0","0","0.0000031","0.0117629573543378","3812.81","","","0xceaa3182",""
"0xe85fe3b8074cfe3761cf6efbcd936bed5493eca2f933e3020efeea2bc5e937e1","50169880","1717251925","2024-06-01 14:25:25","0x77d39851630069f55e4caacc1db793c7973e7876","0x33a539e2469c8d3421b3ff29cc7b7de1e695ebfe","","0","0","0","0.00000402","0.0152538995369154","3812.81","","","0xd0847fae",""
"0xdc36034d23fea401fedf01b099b565c2676237c6efbf4c96adff3115485fca3e","50169887","1717251927","2024-06-01 14:25:27","0x77d39851630069f55e4caacc1db793c7973e7876","0x33a539e2469c8d3421b3ff29cc7b7de1e695ebfe","","0","0","0","0.0000031","0.0117629573543378","3812.81","","","0xceaa3182",""
"0xdf6394b4754011ddcddffc8410693fa99468d66206edf6f4ff6d33dd06df43d8","50169937","1717251940","2024-06-01 14:25:40","0x77d39851630069f55e4caacc1db793c7973e7876","0x33a539e2469c8d3421b3ff29cc7b7de1e695ebfe","","0","0","0","0.00000402","0.0152538995369154","3812.81","","","0xd0847fae",""
"0x71fcfe29a9718c0fcd0dfba010d5a73013f20f37cd9f7a3a441d27cbd0808e13","50169944","1717251941","2024-06-01 14:25:41","0x77d39851630069f55e4caacc1db793c7973e7876","0x33a539e2469c8d3421b3ff29cc7b7de1e695ebfe","","0","0","0","0.0000031","0.0117629573543378","3812.81","","","0xceaa3182",""
"0x190dbf61b264ea4c7bf37084fe6dc898f3e55d699f3e2bf9f7df5aec96a47f48","50169993","1717251954","2024-06-01 14:25:54","0x77d39851630069f55e4caacc1db793c7973e7876","0x33a539e2469c8d3421b3ff29cc7b7de1e695ebfe","","0","0","0","0.00000402","0.0152538995369154","3812.81","","","0xd0847fae",""
"0xf4c87041b88ab408c5a04348dc13b648c1e221557120b137274ff0bbd82ae6a2","50170000","1717251956","2024-06-01 14:25:56","0x77d39851630069f55e4caacc1db793c7973e7876","0x33a539e2469c8d3421b3ff29cc7b7de1e695ebfe","","0","0","0","0.0000031","0.0117629573543378","3812.81","","","0xceaa3182",""
"0x113df269a39d42b73e6bcaf02667429dbefe7f6ef1f1d1e65a9f0f6136a8d067","50170050","1717251969","2024-06-01 14:26:09","0x77d39851630069f55e4caacc1db793c7973e7876","0x33a539e2469c8d3421b3ff29cc7b7de1e695ebfe","","0","0","0","0.00000402","0.0152538995369154","3812.81","","","0xd0847fae",""
"0xdf0e221be9695b96d676038fa9899379ba13b64b0e91fd8bc5b84f740ad7440c","50170059","1717251971","2024-06-01 14:26:11","0x77d39851630069f55e4caacc1db793c7973e7876","0x33a539e2469c8d3421b3ff29cc7b7de1e695ebfe","","0","0","0","0.0000031","0.0117629573543378","3812.81","","","0xceaa3182",""
"0xd41e5ec2b24a09c855387f469325826c1c3c18663d938f7eb9ca8816d2527308","50170113","1717251985","2024-06-01 14:26:25","0x77d39851630069f55e4caacc1db793c7973e7876","0x33a539e2469c8d3421b3ff29cc7b7de1e695ebfe","","0","0","0","0.00000402","0.0152538995369154","3812.81","","","0xd0847fae",""
"0x9e055662c6eed4f4910fd9b390ba65c93052d5dcb5aa3ce7f26f34549948b793","50170120","1717251986","2024-06-01 14:26:26","0x77d39851630069f55e4caacc1db793c7973e7876","0x33a539e2469c8d3421b3ff29cc7b7de1e695ebfe","","0","0","0","0.0000031","0.0117629573543378","3812.81","","","0xceaa3182",""
"0x610a6bd3b198e8cf403d943705952afffbca502996d709d94f31aab5ef7fa2a5","50170175","1717252001","2024-06-01 14:26:41","0x77d39851630069f55e4caacc1db793c7973e7876","0x33a539e2469c8d3421b3ff29cc7b7de1e695ebfe","","0","0","0","0.00000402","0.0152538995369154","3812.81","","","0xd0847fae",""
"0xa4b7d144d5ece0aa74879d87deb587dad596b6ca8c1f9cc6e17fdef9c95fed96","50170182","1717252002","2024-06-01 14:26:42","0x77d39851630069f55e4caacc1db793c7973e7876","0x33a539e2469c8d3421b3ff29cc7b7de1e695ebfe","","0","0","0","0.0000031","0.0117629573543378","3812.81","","","0xceaa3182",""
"0x7887f4681d91ccaa259dec4c0f2ba66bddd2e59f85ab2019f5b12321a0a5b705","50170234","1717252015","2024-06-01 14:26:55","0x77d39851630069f55e4caacc1db793c7973e7876","0x33a539e2469c8d3421b3ff29cc7b7de1e695ebfe","","0","0","0","0.00000402","0.0152538995369154","3812.81","","","0xd0847fae",""
"0xf79ef120a7e6bf0d9d4d2508b5d0f9ace6f1c4da8b4e197c7c93fcce5411e5d7","50170242","1717252017","2024-06-01 14:26:57","0x77d39851630069f55e4caacc1db793c7973e7876","0x33a539e2469c8d3421b3ff29cc7b7de1e695ebfe","","0","0","0","0.0000031","0.0117629573543378","3812.81","","","0xceaa3182",""
"0xbbb8c3ec05c208f2d76198b024ce8a65ddb8afbfdfffea02f70258d09ac38be7","50170297","1717252031","2024-06-01 14:27:11","0x77d39851630069f55e4caacc1db793c7973e7876","0x33a539e2469c8d3421b3ff29cc7b7de1e695ebfe","","0","0","0","0.00000402","0.0152538995369154","3812.81","","","0xd0847fae",""
"0x47f86054a8c0d546a62a25b62067b1878c479fd38f52c15b0f4f550a629a3f2e","50170305","1717252033","2024-06-01 14:27:13","0x77d39851630069f55e4caacc1db793c7973e7876","0x33a539e2469c8d3421b3ff29cc7b7de1e695ebfe","","0","0","0","0.0000031","0.0117629573543378","3812.81","","","0xceaa3182",""
"0xb7072df346f0fa1641d0bd31d69e0dca158a833b9b92adb996dded1b0ca41e12","50170355","1717252046","2024-06-01 14:27:26","0x77d39851630069f55e4caacc1db793c7973e7876","0x33a539e2469c8d3421b3ff29cc7b7de1e695ebfe","","0","0","0","0.00000402","0.0152538995369154","3812.81","","","0xd0847fae",""
"0x15e18bf0ecb7c8e911598d32acfbc5ba1d061a884e994f8776b3c02659762d88","50170362","1717252048","2024-06-01 14:27:28","0x77d39851630069f55e4caacc1db793c7973e7876","0x33a539e2469c8d3421b3ff29cc7b7de1e695ebfe","","0","0","0","0.0000031","0.0117629573543378","3812.81","","","0xceaa3182",""
"0xcf7fc735c45930c2ac42b59b1f25e6e7f97d3a265ab36d269565aadee50ca6ee","50170412","1717252061","2024-06-01 14:27:41","0x77d39851630069f55e4caacc1db793c7973e7876","0x33a539e2469c8d3421b3ff29cc7b7de1e695ebfe","","0","0","0","0.00000402","0.0152538995369154","3812.81","","","0xd0847fae",""
"0xb71e5fd4e0a372e67c1e87e0d049948df4862094b6004e908a0495cb46b856bc","50170419","1717252063","2024-06-01 14:27:43","0x77d39851630069f55e4caacc1db793c7973e7876","0x33a539e2469c8d3421b3ff29cc7b7de1e695ebfe","","0","0","0","0.0000031","0.0117629573543378","3812.81","","","0xceaa3182",""
"0xd6f7f04399a7a924aa3738b203291829ef4602911d0786c39298b15f1d7a1538","50170473","1717252077","2024-06-01 14:27:57","0x77d39851630069f55e4caacc1db793c7973e7876","0x33a539e2469c8d3421b3ff29cc7b7de1e695ebfe","","0","0","0","0.00000402","0.0152538995369154","3812.81","","","0xd0847fae",""
"0x8fb84cd397ef3756353c3b9807034504f66d71f464e38051e8380539c333a923","50170479","1717252079","2024-06-01 14:27:59","0x77d39851630069f55e4caacc1db793c7973e7876","0x33a539e2469c8d3421b3ff29cc7b7de1e695ebfe","","0","0","0","0.0000031","0.0117629573543378","3812.81","","","0xceaa3182",""
"0x9c7a6c2dadd8bdeef3e710dfa8dcf2a603c7b9f20c817152bd346744578c65a5","50170535","1717252093","2024-06-01 14:28:13","0x77d39851630069f55e4caacc1db793c7973e7876","0x33a539e2469c8d3421b3ff29cc7b7de1e695ebfe","","0","0","0","0.00000402","0.0152538995369154","3812.81","","","0xd0847fae",""
"0x5911f0baa98cffeae4b0914cb4d062fd4c1a8cfd9608aa0a658210f1d7cc6400","50170541","1717252095","2024-06-01 14:28:15","0x77d39851630069f55e4caacc1db793c7973e7876","0x33a539e2469c8d3421b3ff29cc7b7de1e695ebfe","","0","0","0","0.0000031","0.0117629573543378","3812.81","","","0xceaa3182",""
"0x849ac893967bde168f737eba5ff3b9e517f7a031abef66b415cb0a5f16957d85","50170594","1717252109","2024-06-01 14:28:29","0x77d39851630069f55e4caacc1db793c7973e7876","0x33a539e2469c8d3421b3ff29cc7b7de1e695ebfe","","0","0","0","0.00000402","0.0152538995369154","3812.81","","","0xd0847fae",""
"0xb39c65ddc90814a529381ba4ce6aa81a145a14c0a0566979948f0d5adc82e4f3","50170603","1717252111","2024-06-01 14:28:31","0x77d39851630069f55e4caacc1db793c7973e7876","0x33a539e2469c8d3421b3ff29cc7b7de1e695ebfe","","0","0","0","0.0000031","0.0117629573543378","3812.81","","","0xceaa3182",""
"0x0505b5fc6345f5e5c5204dd108017f5f676c777b5f9024b600b1188b6eb89016","50170656","1717252124","2024-06-01 14:28:44","0x77d39851630069f55e4caacc1db793c7973e7876","0x33a539e2469c8d3421b3ff29cc7b7de1e695ebfe","","0","0","0","0.00000402","0.0152538995369154","3812.81","","","0xd0847fae",""
"0x34e243e40defb0dd581143f5449a8ac147b463a14baac65efaca704a12cbc358","50170663","1717252126","2024-06-01 14:28:46","0x77d39851630069f55e4caacc1db793c7973e7876","0x33a539e2469c8d3421b3ff29cc7b7de1e695ebfe","","0","0","0","0.0000031","0.0117629573543378","3812.81","","","0xceaa3182",""
"0xc760845c1c20ec47ff5a905930cbea0409958245af2f89e04b45445d986d9c78","50170715","1717252139","2024-06-01 14:28:59","0x77d39851630069f55e4caacc1db793c7973e7876","0x33a539e2469c8d3421b3ff29cc7b7de1e695ebfe","","0","0","0","0.00000402","0.0152538995369154","3812.81","","","0xd0847fae",""
"0x8755f8ae242263aa3891a7d57574c0a01b90ec2632c111fbfc141998440995ee","50170723","1717252141","2024-06-01 14:29:01","0x77d39851630069f55e4caacc1db793c7973e7876","0x33a539e2469c8d3421b3ff29cc7b7de1e695ebfe","","0","0","0","0.0000031","0.0117629573543378","3812.81","","","0xceaa3182",""
"0x079dbe878d45f30ace36760349f88328b1784ca05dac95aecce857acb9d2e1c8","50170776","1717252155","2024-06-01 14:29:15","0x77d39851630069f55e4caacc1db793c7973e7876","0x33a539e2469c8d3421b3ff29cc7b7de1e695ebfe","","0","0","0","0.00000402","0.0152538995369154","3812.81","","","0xd0847fae",""
"0x0d8466aed38a69e79a396fa13063650a709d7eae5ae137435ee0a8728c535a2a","50170783","1717252157","2024-06-01 14:29:17","0x77d39851630069f55e4caacc1db793c7973e7876","0x33a539e2469c8d3421b3ff29cc7b7de1e695ebfe","","0","0","0","0.0000031","0.0117629573543378","3812.81","","","0xceaa3182",""
"0x9f7eab2718e3cb2d36f5f6531d1affd3723166cb3c37844f6ec9654aa352cbcd","50170832","1717252170","2024-06-01 14:29:30","0x77d39851630069f55e4caacc1db793c7973e7876","0x33a539e2469c8d3421b3ff29cc7b7de1e695ebfe","","0","0","0","0.00000402","0.0152538995369154","3812.81","","","0xd0847fae",""
"0x7555a123a490398ec9bcc575cc43cc3710034b6a18f69f015294ce5567a1ea2a","50170840","1717252172","2024-06-01 14:29:32","0x77d39851630069f55e4caacc1db793c7973e7876","0x33a539e2469c8d3421b3ff29cc7b7de1e695ebfe","","0","0","0","0.0000031","0.0117629573543378","3812.81","","","0xceaa3182",""
"0x2bdc2945078a38bae507d1af34c5083a70b41bbb8419136eb14163ec3f40f2e9","50170892","1717252185","2024-06-01 14:29:45","0x77d39851630069f55e4caacc1db793c7973e7876","0x33a539e2469c8d3421b3ff29cc7b7de1e695ebfe","","0","0","0","0.00000402","0.0152538995369154","3812.81","","","0xd0847fae",""
"0x1e4ab275ba8ce830b0aa2e5283d6ef04178953dbfeb683ffd884e77170352c94","50170900","1717252187","2024-06-01 14:29:47","0x77d39851630069f55e4caacc1db793c7973e7876","0x33a539e2469c8d3421b3ff29cc7b7de1e695ebfe","","0","0","0","0.0000031","0.0117629573543378","3812.81","","","0xceaa3182",""
"0x034f7c7bbdbe3ca3e9bcf7d698a6455a90a5ad97897a64a57e932fda2de922d5","50170955","1717252201","2024-06-01 14:30:01","0x77d39851630069f55e4caacc1db793c7973e7876","0x33a539e2469c8d3421b3ff29cc7b7de1e695ebfe","","0","0","0","0.00000402","0.0152538995369154","3812.81","","","0xd0847fae",""
"0xb615e81abb57d5deba7018e87e95924e85624bac9e515ada3d68070250a80d7c","50170964","1717252204","2024-06-01 14:30:04","0x77d39851630069f55e4caacc1db793c7973e7876","0x33a539e2469c8d3421b3ff29cc7b7de1e695ebfe","","0","0","0","0.0000031","0.0117629573543378","3812.81","","","0xceaa3182",""
"0x2fb172920c849cd08b8aa387a7c5d7f96fed9a05ceda0f0d6664d6a023fb837f","50171030","1717252218","2024-06-01 14:30:18","0x77d39851630069f55e4caacc1db793c7973e7876","0x33a539e2469c8d3421b3ff29cc7b7de1e695ebfe","","0","0","0","0.00000402","0.0152538995369154","3812.81","","","0xd0847fae",""
"0xa9af6a484abf09c2c39ee42aaea4486a0b8d5d117638617cfd416d41cd2ef94f","50171038","1717252220","2024-06-01 14:30:20","0x77d39851630069f55e4caacc1db793c7973e7876","0x33a539e2469c8d3421b3ff29cc7b7de1e695ebfe","","0","0","0","0.0000031","0.0117629573543378","3812.81","","","0xceaa3182",""
"0x2acc89f49a41467927d067152401526574e1c2d518757cd23d9956c1f28cac20","50171091","1717252233","2024-06-01 14:30:33","0x77d39851630069f55e4caacc1db793c7973e7876","0x33a539e2469c8d3421b3ff29cc7b7de1e695ebfe","","0","0","0","0.00000402","0.0152538995369154","3812.81","","","0xd0847fae",""
"0x9927fb4e02b587aa75004518fe0768c0cf6082331c2ad0a1e2f98aacd017eec8","50171099","1717252235","2024-06-01 14:30:35","0x77d39851630069f55e4caacc1db793c7973e7876","0x33a539e2469c8d3421b3ff29cc7b7de1e695ebfe","","0","0","0","0.0000031","0.0117629573543378","3812.81","","","0xceaa3182",""
"0x4c8b58cd630aa976f310e96497b669898b4d02c4e4c70f7f1dce1a282bd3ab27","50171154","1717252250","2024-06-01 14:30:50","0x77d39851630069f55e4caacc1db793c7973e7876","0x33a539e2469c8d3421b3ff29cc7b7de1e695ebfe","","0","0","0","0.00000402","0.0152538995369154","3812.81","","","0xd0847fae",""
"0x04901db07c0a5c936c653ecaa4b1b834ef21858a33313fc3b8dc73ac0d3e825b","50171160","1717252251","2024-06-01 14:30:51","0x77d39851630069f55e4caacc1db793c7973e7876","0x33a539e2469c8d3421b3ff29cc7b7de1e695ebfe","","0","0","0","0.0000031","0.0117629573543378","3812.81","","","0xceaa3182",""
"0xc6c3ba846e5e729a42aafa26a2916117e565f75ed4dc5d2d1e1ed986786ac7bc","50171211","1717252264","2024-06-01 14:31:04","0x77d39851630069f55e4caacc1db793c7973e7876","0x33a539e2469c8d3421b3ff29cc7b7de1e695ebfe","","0","0","0","0.00000402","0.0152538995369154","3812.81","","","0xd0847fae",""
"0x37c5b8f794afab3c7a42db014acb91d2311ef6844bf056cbf3886e92fc884f4d","50171220","1717252267","2024-06-01 14:31:07","0x77d39851630069f55e4caacc1db793c7973e7876","0x33a539e2469c8d3421b3ff29cc7b7de1e695ebfe","","0","0","0","0.0000031","0.0117629573543378","3812.81","","","0xceaa3182",""
"0x2092822cd07906a23fdd4edc8e3e43eced05c89e4ed39c45447e7cc6da62bc79","50171269","1717252280","2024-06-01 14:31:20","0x77d39851630069f55e4caacc1db793c7973e7876","0x33a539e2469c8d3421b3ff29cc7b7de1e695ebfe","","0","0","0","0.00000402","0.0152538995369154","3812.81","","","0xd0847fae",""
"0x3ad4ab0bd06efff5bcbe9578667cdc1b3e387e3691f1ef615fd4c720718becb0","50171275","1717252282","2024-06-01 14:31:22","0x77d39851630069f55e4caacc1db793c7973e7876","0x33a539e2469c8d3421b3ff29cc7b7de1e695ebfe","","0","0","0","0.0000031","0.0117629573543378","3812.81","","","0xceaa3182",""
"0x3c1f72af72a28f18daf6dc14c96e0e598c07f2bd4cbdd4f457f7b5c0a3989e73","50171327","1717252296","2024-06-01 14:31:36","0x77d39851630069f55e4caacc1db793c7973e7876","0x33a539e2469c8d3421b3ff29cc7b7de1e695ebfe","","0","0","0","0.00000402","0.0152538995369154","3812.81","","","0xd0847fae",""
"0x481d952c9a7e39049ac4de29ca451168f3f1c157a8b925ddb150cfdd2b0bed8c","50171333","1717252297","2024-06-01 14:31:37","0x77d39851630069f55e4caacc1db793c7973e7876","0x33a539e2469c8d3421b3ff29cc7b7de1e695ebfe","","0","0","0","0.0000031","0.0117629573543378","3812.81","","","0xceaa3182",""
"0xc755e42db6096a39ae7893cd4b2bc38ba559983da7ed830203dc784f5e66198f","50171383","1717252310","2024-06-01 14:31:50","0x77d39851630069f55e4caacc1db793c7973e7876","0x33a539e2469c8d3421b3ff29cc7b7de1e695ebfe","","0","0","0","0.00000402","0.0152538995369154","3812.81","","","0xd0847fae",""
"0xe2247856a7e9b97f9d19f120a151dae2574fefab485f041d88603147a08b3929","50171390","1717252312","2024-06-01 14:31:52","0x77d39851630069f55e4caacc1db793c7973e7876","0x33a539e2469c8d3421b3ff29cc7b7de1e695ebfe","","0","0","0","0.0000031","0.0117629573543378","3812.81","","","0xceaa3182",""
"0xb594b46510304b3956ad1f6ff5d4824eeea99d5ec96c2a8ba9fdec39a641d100","50171442","1717252325","2024-06-01 14:32:05","0x77d39851630069f55e4caacc1db793c7973e7876","0x33a539e2469c8d3421b3ff29cc7b7de1e695ebfe","","0","0","0","0.00000402","0.0152538995369154","3812.81","","","0xd0847fae",""
"0xfeb2f30a1175c21c8b1787efe3dfbc6959dee459bc5191bf8cac5f6c8f7a87f9","50171449","1717252327","2024-06-01 14:32:07","0x77d39851630069f55e4caacc1db793c7973e7876","0x33a539e2469c8d3421b3ff29cc7b7de1e695ebfe","","0","0","0","0.0000031","0.0117629573543378","3812.81","","","0xceaa3182",""
"0xccb79a47c208a1f4eab4255c1c764240ebe98c71973b54b763fc5b96f690b13e","50171504","1717252341","2024-06-01 14:32:21","0x77d39851630069f55e4caacc1db793c7973e7876","0x33a539e2469c8d3421b3ff29cc7b7de1e695ebfe","","0","0","0","0.00000402","0.0152538995369154","3812.81","","","0xd0847fae",""
"0x424c5eb9f5b515ff5e3c95dd5353db2e44084a24b82e451d2e8a228c52a87704","50171510","1717252343","2024-06-01 14:32:23","0x77d39851630069f55e4caacc1db793c7973e7876","0x33a539e2469c8d3421b3ff29cc7b7de1e695ebfe","","0","0","0","0.0000031","0.0117629573543378","3812.81","","","0xceaa3182",""
"0xd0ba86511992a33ac14ecae74c3d491867143b583efba71660f46d5a20f0d0a3","50171557","1717252356","2024-06-01 14:32:36","0x77d39851630069f55e4caacc1db793c7973e7876","0x33a539e2469c8d3421b3ff29cc7b7de1e695ebfe","","0","0","0","0.00000402","0.0152538995369154","3812.81","","","0xd0847fae",""
"0x7b9d871f17c016cf7178bba8f5c3f387fc4b1744db597277bfcd323f26d0cd3d","50171565","1717252358","2024-06-01 14:32:38","0x77d39851630069f55e4caacc1db793c7973e7876","0x33a539e2469c8d3421b3ff29cc7b7de1e695ebfe","","0","0","0","0.0000031","0.0117629573543378","3812.81","","","0xceaa3182",""
"0xc6dfa1531f55425756b9314f6e18d2de5cacf14eddc52ddfd8272d61e302feef","50171623","1717252373","2024-06-01 14:32:53","0x77d39851630069f55e4caacc1db793c7973e7876","0x33a539e2469c8d3421b3ff29cc7b7de1e695ebfe","","0","0","0","0.00000402","0.0152538995369154","3812.81","","","0xd0847fae",""
"0x6311bea4ffe121de333ba5b8630e0332443e4b2f945000390b6f92c20975a589","50171630","1717252375","2024-06-01 14:32:55","0x77d39851630069f55e4caacc1db793c7973e7876","0x33a539e2469c8d3421b3ff29cc7b7de1e695ebfe","","0","0","0","0.0000031","0.0117629573543378","3812.81","","","0xceaa3182",""
"0xc355cae7847d3034e7bafb6d5f6805ff5b5276acfa44b7f0106ec0187d93cf65","50171680","1717252388","2024-06-01 14:33:08","0x77d39851630069f55e4caacc1db793c7973e7876","0x33a539e2469c8d3421b3ff29cc7b7de1e695ebfe","","0","0","0","0.00000402","0.0152538995369154","3812.81","","","0xd0847fae",""
"0x2f17f6f5936c9ee674f9764e844ee7a944934c70b6e1b99e51ceda68573b709c","50171688","1717252390","2024-06-01 14:33:10","0x77d39851630069f55e4caacc1db793c7973e7876","0x33a539e2469c8d3421b3ff29cc7b7de1e695ebfe","","0","0","0","0.0000031","0.0117629573543378","3812.81","","","0xceaa3182",""
"0xd198abe9be856e7bee93261ebbd65fc57bbd562125ef02e2f08e075ed84c5009","50171736","1717252403","2024-06-01 14:33:23","0x77d39851630069f55e4caacc1db793c7973e7876","0x33a539e2469c8d3421b3ff29cc7b7de1e695ebfe","","0","0","0","0.00000402","0.0152538995369154","3812.81","","","0xd0847fae",""
"0x4f948275f362b81934ba800ec1695806188ce25082e5b867280669a9b9d73b4a","50171743","1717252404","2024-06-01 14:33:24","0x77d39851630069f55e4caacc1db793c7973e7876","0x33a539e2469c8d3421b3ff29cc7b7de1e695ebfe","","0","0","0","0.0000031","0.0117629573543378","3812.81","","","0xceaa3182",""
"0x618d993bf9943da7971ddd530bbe3bc1b764c6df2283747d2593105cd0dfe392","50171793","1717252417","2024-06-01 14:33:37","0x77d39851630069f55e4caacc1db793c7973e7876","0x33a539e2469c8d3421b3ff29cc7b7de1e695ebfe","","0","0","0","0.00000402","0.0152538995369154","3812.81","","","0xd0847fae",""
"0x42f483cf3c5f64087f6dad064f83334c0d6aeb0d515ee1a583627e6697bbcc59","50171800","1717252419","2024-06-01 14:33:39","0x77d39851630069f55e4caacc1db793c7973e7876","0x33a539e2469c8d3421b3ff29cc7b7de1e695ebfe","","0","0","0","0.0000031","0.0117629573543378","3812.81","","","0xceaa3182",""
"0x790c9fc3fa42f4ff2f84b55a9f980813f0c64cf4c5ef183073f874b78d4b6df7","50171856","1717252433","2024-06-01 14:33:53","0x77d39851630069f55e4caacc1db793c7973e7876","0x33a539e2469c8d3421b3ff29cc7b7de1e695ebfe","","0","0","0","0.00000402","0.0152538995369154","3812.81","","","0xd0847fae",""
"0x8dfd0d57185362a6df8c8a52ef2e50a42110dc4566f10bf164c77fbb827a79c2","50171863","1717252435","2024-06-01 14:33:55","0x77d39851630069f55e4caacc1db793c7973e7876","0x33a539e2469c8d3421b3ff29cc7b7de1e695ebfe","","0","0","0","0.0000031","0.0117629573543378","3812.81","","","0xceaa3182",""
"0xb7d740b9c58810d1a3606d18f1a295e5a86c6921690efa362e0ed343e96b61b5","50171912","1717252448","2024-06-01 14:34:08","0x77d39851630069f55e4caacc1db793c7973e7876","0x33a539e2469c8d3421b3ff29cc7b7de1e695ebfe","","0","0","0","0.00000402","0.0152538995369154","3812.81","","","0xd0847fae",""
"0x0a433c0c64a7cccc9a225e06ff7eb6f79587b9bd550dc18dc21d1306bf39675a","50171919","1717252450","2024-06-01 14:34:10","0x77d39851630069f55e4caacc1db793c7973e7876","0x33a539e2469c8d3421b3ff29cc7b7de1e695ebfe","","0","0","0","0.0000031","0.0117629573543378","3812.81","","","0xceaa3182",""
"0xb7cb49a96e1f4a0e1ea830955d1fc8677b1cb9304f7c06941d9b68e4f00c08ab","50171969","1717252463","2024-06-01 14:34:23","0x77d39851630069f55e4caacc1db793c7973e7876","0x33a539e2469c8d3421b3ff29cc7b7de1e695ebfe","","0","0","0","0.00000402","0.0152538995369154","3812.81","","","0xd0847fae",""
"0x7f87efdca719424c3d4a86c946882c9927a3ef4bf6379add62a3d26b86b8746f","50171977","1717252465","2024-06-01 14:34:25","0x77d39851630069f55e4caacc1db793c7973e7876","0x33a539e2469c8d3421b3ff29cc7b7de1e695ebfe","","0","0","0","0.0000031","0.0117629573543378","3812.81","","","0xceaa3182",""
"0xf8608c21670bfd58e5b03f27536a261a755a6b45b59b94752fdb9ffcee44a328","50172030","1717252479","2024-06-01 14:34:39","0x77d39851630069f55e4caacc1db793c7973e7876","0x33a539e2469c8d3421b3ff29cc7b7de1e695ebfe","","0","0","0","0.00000402","0.0152538995369154","3812.81","","","0xd0847fae",""
"0xfb9c114c80f26c27003e05949057a50e7d9aeb330394dd23471010e6c6302998","50172037","1717252480","2024-06-01 14:34:40","0x77d39851630069f55e4caacc1db793c7973e7876","0x33a539e2469c8d3421b3ff29cc7b7de1e695ebfe","","0","0","0","0.0000031","0.0117629573543378","3812.81","","","0xceaa3182",""
"0x79266629db332bc7da650ae283258fcf35dcdbffadc69c41d74424a2a1c453eb","50172088","1717252493","2024-06-01 14:34:53","0x77d39851630069f55e4caacc1db793c7973e7876","0x33a539e2469c8d3421b3ff29cc7b7de1e695ebfe","","0","0","0","0.00000402","0.0152538995369154","3812.81","","","0xd0847fae",""
"0x584fbc8153151ddc5b433912b166936c43b7bab4833715ea8c044039fbae6aac","50172095","1717252495","2024-06-01 14:34:55","0x77d39851630069f55e4caacc1db793c7973e7876","0x33a539e2469c8d3421b3ff29cc7b7de1e695ebfe","","0","0","0","0.0000031","0.0117629573543378","3812.81","","","0xceaa3182",""
"0xd573fe94dc2f2f15eee94feea09193b64fc6678ced4bbf50c022d454e42772f8","50172144","1717252508","2024-06-01 14:35:08","0x77d39851630069f55e4caacc1db793c7973e7876","0x33a539e2469c8d3421b3ff29cc7b7de1e695ebfe","","0","0","0","0.00000402","0.0152538995369154","3812.81","","","0xd0847fae",""
"0xfd0d41278b254881aeb1bcc41e00ef1bb9464504efba8fca1d0d7d8f5d4c1c48","50172150","1717252509","2024-06-01 14:35:09","0x77d39851630069f55e4caacc1db793c7973e7876","0x33a539e2469c8d3421b3ff29cc7b7de1e695ebfe","","0","0","0","0.0000031","0.0117629573543378","3812.81","","","0xceaa3182",""
"0xec6172af648f1be1553b2c965d03d005b8555a36628205028d6eb6fd2b6fcfe1","50172201","1717252523","2024-06-01 14:35:23","0x77d39851630069f55e4caacc1db793c7973e7876","0x33a539e2469c8d3421b3ff29cc7b7de1e695ebfe","","0","0","0","0.00000402","0.0152538995369154","3812.81","","","0xd0847fae",""
"0x1d4f6aaa5fa8a113a55b073553228d25335ad65e8a66e7893de8e8718cf46c82","50172208","1717252525","2024-06-01 14:35:25","0x77d39851630069f55e4caacc1db793c7973e7876","0x33a539e2469c8d3421b3ff29cc7b7de1e695ebfe","","0","0","0","0.0000031","0.0117629573543378","3812.81","","","0xceaa3182",""
"0xa07f0515f9ceb4f41e5d46c92e93788fd7af2d50d58ca998db1fc64241d2cb14","50172260","1717252538","2024-06-01 14:35:38","0x77d39851630069f55e4caacc1db793c7973e7876","0x33a539e2469c8d3421b3ff29cc7b7de1e695ebfe","","0","0","0","0.00000402","0.0152538995369154","3812.81","","","0xd0847fae",""
"0xa79692f226e5a92b3cc9fd4f6d58e2c4dfdd4bc15918fedff619c0fc58514df1","50172267","1717252540","2024-06-01 14:35:40","0x77d39851630069f55e4caacc1db793c7973e7876","0x33a539e2469c8d3421b3ff29cc7b7de1e695ebfe","","0","0","0","0.0000031","0.0117629573543378","3812.81","","","0xceaa3182",""
"0x074d41a3bb160f54394ae1326e5d4f1e656d62ffe9e7e011e3cf0b4e8b3005d4","50172319","1717252553","2024-06-01 14:35:53","0x77d39851630069f55e4caacc1db793c7973e7876","0x33a539e2469c8d3421b3ff29cc7b7de1e695ebfe","","0","0","0","0.00000402","0.0152538995369154","3812.81","","","0xd0847fae",""
"0x6e2ec486494b3e9e49fe47d3809feaa153684daf6f8953def2a901d39c49c05f","50172326","1717252555","2024-06-01 14:35:55","0x77d39851630069f55e4caacc1db793c7973e7876","0x33a539e2469c8d3421b3ff29cc7b7de1e695ebfe","","0","0","0","0.0000031","0.0117629573543378","3812.81","","","0xceaa3182",""
"0xd891ec33f025675581809af25967d3923b46c9c5589dc71078d41c0968b6b265","50172376","1717252568","2024-06-01 14:36:08","0x77d39851630069f55e4caacc1db793c7973e7876","0x33a539e2469c8d3421b3ff29cc7b7de1e695ebfe","","0","0","0","0.00000402","0.0152538995369154","3812.81","","","0xd0847fae",""
"0x8b572bfb8982969686f86a3ce263f23065da00280a34be1fd90de64294375d2f","50172383","1717252570","2024-06-01 14:36:10","0x77d39851630069f55e4caacc1db793c7973e7876","0x33a539e2469c8d3421b3ff29cc7b7de1e695ebfe","","0","0","0","0.0000031","0.0117629573543378","3812.81","","","0xceaa3182",""
"0x75f049d09de9ed93ea7104e31a61b4b5e5c436bb45212cc95a409fe6a59827cd","50172432","1717252582","2024-06-01 14:36:22","0x77d39851630069f55e4caacc1db793c7973e7876","0x33a539e2469c8d3421b3ff29cc7b7de1e695ebfe","","0","0","0","0.00000402","0.0152538995369154","3812.81","","","0xd0847fae",""
"0xece41ecd0ed780c307417e3a202fe724f56e6530741c0e7e1814322c2d1cce9f","50172441","1717252585","2024-06-01 14:36:25","0x77d39851630069f55e4caacc1db793c7973e7876","0x33a539e2469c8d3421b3ff29cc7b7de1e695ebfe","","0","0","0","0.0000031","0.0117629573543378","3812.81","","","0xceaa3182",""
"0x0e162547bed14f6b2186619d1150cda6372065d567a184d0bfef336a7022a87e","50172493","1717252598","2024-06-01 14:36:38","0x77d39851630069f55e4caacc1db793c7973e7876","0x33a539e2469c8d3421b3ff29cc7b7de1e695ebfe","","0","0","0","0.00000402","0.0152538995369154","3812.81","","","0xd0847fae",""
"0x6ac33ddc4abc6d04f3903818b4fb29c88f3caba4f2c6789178243b2662c4836c","50172500","1717252600","2024-06-01 14:36:40","0x77d39851630069f55e4caacc1db793c7973e7876","0x33a539e2469c8d3421b3ff29cc7b7de1e695ebfe","","0","0","0","0.0000031","0.0117629573543378","3812.81","","","0xceaa3182",""
"0x6ee040d1e018f36c13b05f6f1d60b1cd6b213843c03c820315b948aa1315a372","50172565","1717252614","2024-06-01 14:36:54","0x77d39851630069f55e4caacc1db793c7973e7876","0x33a539e2469c8d3421b3ff29cc7b7de1e695ebfe","","0","0","0","0.00000402","0.0152538995369154","3812.81","","","0xd0847fae",""
"0x2eee6c829b997e882f6f1f434253b3e110ee33161fa13a8b00b6556c289c6ddc","50172572","1717252615","2024-06-01 14:36:55","0x77d39851630069f55e4caacc1db793c7973e7876","0x33a539e2469c8d3421b3ff29cc7b7de1e695ebfe","","0","0","0","0.0000031","0.0117629573543378","3812.81","","","0xceaa3182",""
"0x08c8415be1c83abbd200c94b848fb62d68bf006427040e07dc33b161fe8bdb77","50172629","1717252630","2024-06-01 14:37:10","0x77d39851630069f55e4caacc1db793c7973e7876","0x33a539e2469c8d3421b3ff29cc7b7de1e695ebfe","","0","0","0","0.00000402","0.0152538995369154","3812.81","","","0xd0847fae",""
"0x0e00ac796a48d984ca4f7ea86b54d2919ac5955e356aa3e78f4424e39b70a086","50172636","1717252632","2024-06-01 14:37:12","0x77d39851630069f55e4caacc1db793c7973e7876","0x33a539e2469c8d3421b3ff29cc7b7de1e695ebfe","","0","0","0","0.0000031","0.0117629573543378","3812.81","","","0xceaa3182",""
"0x638aef222633ef8a3abedc3d7883dc4a5007313a919ebba481a6cefaa4582ff8","50172689","1717252645","2024-06-01 14:37:25","0x77d39851630069f55e4caacc1db793c7973e7876","0x33a539e2469c8d3421b3ff29cc7b7de1e695ebfe","","0","0","0","0.00000402","0.0152538995369154","3812.81","","","0xd0847fae",""
"0xafd7ad866a4de11d2351cc085acf069be2a170b65a2623ca256ab2ec9615a4cf","50172696","1717252647","2024-06-01 14:37:27","0x77d39851630069f55e4caacc1db793c7973e7876","0x33a539e2469c8d3421b3ff29cc7b7de1e695ebfe","","0","0","0","0.0000031","0.0117629573543378","3812.81","","","0xceaa3182",""
"0xbded98fdb86e394d217db4ebf6347ffbdce81f4a462cda58ba4013bdee7e2ad1","50172747","1717252660","2024-06-01 14:37:40","0x77d39851630069f55e4caacc1db793c7973e7876","0x33a539e2469c8d3421b3ff29cc7b7de1e695ebfe","","0","0","0","0.00000402","0.0152538995369154","3812.81","","","0xd0847fae",""
"0xe25cace018a4c48bc769c4cbcdd51891ee9fe281078ed79395b29a3db3f2008e","50172754","1717252662","2024-06-01 14:37:42","0x77d39851630069f55e4caacc1db793c7973e7876","0x33a539e2469c8d3421b3ff29cc7b7de1e695ebfe","","0","0","0","0.0000031","0.0117629573543378","3812.81","","","0xceaa3182",""
"0x0c042075cec787f98ada406a09ff354e7d2a456cd52788803f895227f6c681f0","50172809","1717252677","2024-06-01 14:37:57","0x77d39851630069f55e4caacc1db793c7973e7876","0x33a539e2469c8d3421b3ff29cc7b7de1e695ebfe","","0","0","0","0.00000402","0.0152538995369154","3812.81","","","0xd0847fae",""
"0xc72c48dba056531ab1755ec7a87278b65e2851e9863a5d1455ba3772962aaea5","50172816","1717252678","2024-06-01 14:37:58","0x77d39851630069f55e4caacc1db793c7973e7876","0x33a539e2469c8d3421b3ff29cc7b7de1e695ebfe","","0","0","0","0.0000031","0.0117629573543378","3812.81","","","0xceaa3182",""
"0xb010aaca3841b9c1b5ef79834c62b5a614db4a5f76ec92975432fbc692b865b7","50172867","1717252692","2024-06-01 14:38:12","0x77d39851630069f55e4caacc1db793c7973e7876","0x33a539e2469c8d3421b3ff29cc7b7de1e695ebfe","","0","0","0","0.00000402","0.0152538995369154","3812.81","","","0xd0847fae",""
"0x3152cf39f0685bee9b8cab19a1f668f277069b58bfc2e93b59078061d2b60154","50172874","1717252694","2024-06-01 14:38:14","0x77d39851630069f55e4caacc1db793c7973e7876","0x33a539e2469c8d3421b3ff29cc7b7de1e695ebfe","","0","0","0","0.0000031","0.0117629573543378","3812.81","","","0xceaa3182",""
"0xbb8f05dac00a10b859a2c9b71574319c41e17b732102a6eb20dcc0f01e46f02d","50172928","1717252707","2024-06-01 14:38:27","0x77d39851630069f55e4caacc1db793c7973e7876","0x33a539e2469c8d3421b3ff29cc7b7de1e695ebfe","","0","0","0","0.00000402","0.0152538995369154","3812.81","","","0xd0847fae",""
"0x61f00ed567852d41d8b9dccedd36e83e52c3445fd397f30b73f6bd3e3187a00e","50172934","1717252709","2024-06-01 14:38:29","0x77d39851630069f55e4caacc1db793c7973e7876","0x33a539e2469c8d3421b3ff29cc7b7de1e695ebfe","","0","0","0","0.0000031","0.0117629573543378","3812.81","","","0xceaa3182",""
"0x04f1fc366dce2a75ad28f25eb44135c3fc3c31643b0796c905d818cbf3575caf","50172988","1717252723","2024-06-01 14:38:43","0x77d39851630069f55e4caacc1db793c7973e7876","0x33a539e2469c8d3421b3ff29cc7b7de1e695ebfe","","0","0","0","0.00000402","0.0152538995369154","3812.81","","","0xd0847fae",""
"0x666967ea08fb44f0f217d3bdd6f670fcdb7e993e302261b5e2b8dcb74146aba4","50172996","1717252725","2024-06-01 14:38:45","0x77d39851630069f55e4caacc1db793c7973e7876","0x33a539e2469c8d3421b3ff29cc7b7de1e695ebfe","","0","0","0","0.0000031","0.0117629573543378","3812.81","","","0xceaa3182",""
"0x7c81c633273d7cada48dfb8ce6ed4f4cabee78c4520210711f0f6d7df1d0f986","50173050","1717252739","2024-06-01 14:38:59","0x77d39851630069f55e4caacc1db793c7973e7876","0x33a539e2469c8d3421b3ff29cc7b7de1e695ebfe","","0","0","0","0.00000402","0.0152538995369154","3812.81","","","0xd0847fae",""
"0x758457521aef974294d7eb92eab4729d6e94066807e75099fcf32e7d76a078d3","50173058","1717252741","2024-06-01 14:39:01","0x77d39851630069f55e4caacc1db793c7973e7876","0x33a539e2469c8d3421b3ff29cc7b7de1e695ebfe","","0","0","0","0.0000031","0.0117629573543378","3812.81","","","0xceaa3182",""
"0x88d64fe1184a18ca4ddc060afedefb14cd63911b55f2c1f2d4b3a2eece4a948d","50173110","1717252754","2024-06-01 14:39:14","0x77d39851630069f55e4caacc1db793c7973e7876","0x33a539e2469c8d3421b3ff29cc7b7de1e695ebfe","","0","0","0","0.00000402","0.0152538995369154","3812.81","","","0xd0847fae",""
"0x80145d82235d5285d620d1558a8aa36f5ea5d1a76f764be3829e248273c50661","50173117","1717252756","2024-06-01 14:39:16","0x77d39851630069f55e4caacc1db793c7973e7876","0x33a539e2469c8d3421b3ff29cc7b7de1e695ebfe","","0","0","0","0.0000031","0.0117629573543378","3812.81","","","0xceaa3182",""
"0x9c6eb5fded228406d3dee580a01cb73f2ca7d8721c5bdcb71088716828cce786","50173172","1717252770","2024-06-01 14:39:30","0x77d39851630069f55e4caacc1db793c7973e7876","0x33a539e2469c8d3421b3ff29cc7b7de1e695ebfe","","0","0","0","0.00000402","0.0152538995369154","3812.81","","","0xd0847fae",""
"0xeafbcea426d46cc798582633f101b5e606de3efd7b7eae13e10f5f47a8848677","50173179","1717252772","2024-06-01 14:39:32","0x77d39851630069f55e4caacc1db793c7973e7876","0x33a539e2469c8d3421b3ff29cc7b7de1e695ebfe","","0","0","0","0.0000031","0.0117629573543378","3812.81","","","0xceaa3182",""
"0x14b1c22cf3dd5e540535e0bdb786d2db51f7ad379c28e9d5159a00cd89b839b5","50173229","1717252784","2024-06-01 14:39:44","0x77d39851630069f55e4caacc1db793c7973e7876","0x33a539e2469c8d3421b3ff29cc7b7de1e695ebfe","","0","0","0","0.00000402","0.0152538995369154","3812.81","","","0xd0847fae",""
"0xfb5488f66c6b2aae12521d4dc1f84af7f90456505979b100c4ce73cf1ae04f36","50173238","1717252787","2024-06-01 14:39:47","0x77d39851630069f55e4caacc1db793c7973e7876","0x33a539e2469c8d3421b3ff29cc7b7de1e695ebfe","","0","0","0","0.0000031","0.0117629573543378","3812.81","","","0xceaa3182",""
"0x34d679246ed60bdad0807278aa7c64d476648a16ab1013c564e2bcceae2d598d","50173287","1717252800","2024-06-01 14:40:00","0x77d39851630069f55e4caacc1db793c7973e7876","0x33a539e2469c8d3421b3ff29cc7b7de1e695ebfe","","0","0","0","0.00000402","0.0152538995369154","3812.81","","","0xd0847fae",""
"0x3a87ef15cac897b1021d94933a58637de4965a06306bddc811187fc1dea41220","50173295","1717252802","2024-06-01 14:40:02","0x77d39851630069f55e4caacc1db793c7973e7876","0x33a539e2469c8d3421b3ff29cc7b7de1e695ebfe","","0","0","0","0.0000031","0.0117629573543378","3812.81","","","0xceaa3182",""
"0xd93f1cdca34fa534038fa4f39aa8f1ea86be0c398354dc436bf526e13d1a2d35","50173344","1717252815","2024-06-01 14:40:15","0x77d39851630069f55e4caacc1db793c7973e7876","0x33a539e2469c8d3421b3ff29cc7b7de1e695ebfe","","0","0","0","0.00000402","0.0152538995369154","3812.81","","","0xd0847fae",""
"0xa42aabbfcde2bc19c1ba15cdcfffacb5fa746fba5029b862b4603c02bc5787d3","50173351","1717252817","2024-06-01 14:40:17","0x77d39851630069f55e4caacc1db793c7973e7876","0x33a539e2469c8d3421b3ff29cc7b7de1e695ebfe","","0","0","0","0.0000031","0.0117629573543378","3812.81","","","0xceaa3182",""
"0xce054671910910addd206ce9950d7fc0c8aac998f5f8d4ae6b08e6d379c24d33","50173402","1717252830","2024-06-01 14:40:30","0x77d39851630069f55e4caacc1db793c7973e7876","0x33a539e2469c8d3421b3ff29cc7b7de1e695ebfe","","0","0","0","0.00000402","0.0152538995369154","3812.81","","","0xd0847fae",""
"0x6bced24fef042717420089c06cc305fce72fc2586e23d13d997e892c7b8e49a3","50173409","1717252832","2024-06-01 14:40:32","0x77d39851630069f55e4caacc1db793c7973e7876","0x33a539e2469c8d3421b3ff29cc7b7de1e695ebfe","","0","0","0","0.0000031","0.0117629573543378","3812.81","","","0xceaa3182",""
"0x2034e2c4417758f15f818c021b60e68dcf6e579a64a16b0c768c17f90c6a9762","50173460","1717252845","2024-06-01 14:40:45","0x77d39851630069f55e4caacc1db793c7973e7876","0x33a539e2469c8d3421b3ff29cc7b7de1e695ebfe","","0","0","0","0.00000402","0.0152538995369154","3812.81","","","0xd0847fae",""
"0x7f22d6b951b4b4a3e29cdaeecef27c1c4c4c9edbfa068c6ec2644fd1c9930eb1","50173467","1717252847","2024-06-01 14:40:47","0x77d39851630069f55e4caacc1db793c7973e7876","0x33a539e2469c8d3421b3ff29cc7b7de1e695ebfe","","0","0","0","0.0000031","0.0117629573543378","3812.81","","","0xceaa3182",""
"0x0dd59de45be9fcd6819a250ff27b12cdf052f349c744cb0e88084e9b5e471888","50173519","1717252861","2024-06-01 14:41:01","0x77d39851630069f55e4caacc1db793c7973e7876","0x33a539e2469c8d3421b3ff29cc7b7de1e695ebfe","","0","0","0","0.00000402","0.0152538995369154","3812.81","","","0xd0847fae",""
"0x1bbd5ad9ad0546604d0e40ed3f3d4dec8da99d7253004a0e3ac75c5087b2c99d","50173526","1717252862","2024-06-01 14:41:02","0x77d39851630069f55e4caacc1db793c7973e7876","0x33a539e2469c8d3421b3ff29cc7b7de1e695ebfe","","0","0","0","0.0000031","0.0117629573543378","3812.81","","","0xceaa3182",""
"0xf7e4dc8f2922463f0499292ce563f88e4c3db6a34f07bea3d73d0d58608e6c9e","50173577","1717252875","2024-06-01 14:41:15","0x77d39851630069f55e4caacc1db793c7973e7876","0x33a539e2469c8d3421b3ff29cc7b7de1e695ebfe","","0","0","0","0.00000402","0.0152538995369154","3812.81","","","0xd0847fae",""
"0x0ae806435da239ac87fbe7949ae2c98c4cf8237acd84db11745147d1f9df3e22","50173584","1717252877","2024-06-01 14:41:17","0x77d39851630069f55e4caacc1db793c7973e7876","0x33a539e2469c8d3421b3ff29cc7b7de1e695ebfe","","0","0","0","0.0000031","0.0117629573543378","3812.81","","","0xceaa3182",""
"0xa57f970943723620c06e9de881c9bc5ae34f58046850b4651c671f08d0857cd0","50173639","1717252891","2024-06-01 14:41:31","0x77d39851630069f55e4caacc1db793c7973e7876","0x33a539e2469c8d3421b3ff29cc7b7de1e695ebfe","","0","0","0","0.00000402","0.0152538995369154","3812.81","","","0xd0847fae",""
"0xf9638355ade8d50b882d68fdc790fdf8de7621cce1162100610ceb47c6097f53","50173645","1717252893","2024-06-01 14:41:33","0x77d39851630069f55e4caacc1db793c7973e7876","0x33a539e2469c8d3421b3ff29cc7b7de1e695ebfe","","0","0","0","0.0000031","0.0117629573543378","3812.81","","","0xceaa3182",""
"0x232e92666a0dbcde6eec13c4d1a00ade39f17ff3dd23c93d3d0190017572f586","50173693","1717252905","2024-06-01 14:41:45","0x77d39851630069f55e4caacc1db793c7973e7876","0x33a539e2469c8d3421b3ff29cc7b7de1e695ebfe","","0","0","0","0.00000402","0.0152538995369154","3812.81","","","0xd0847fae",""
"0xe1c406aec443ec72899ff2df264b17e4f9daadeb74331d21bb967d3df72460c1","50173700","1717252907","2024-06-01 14:41:47","0x77d39851630069f55e4caacc1db793c7973e7876","0x33a539e2469c8d3421b3ff29cc7b7de1e695ebfe","","0","0","0","0.0000031","0.0117629573543378","3812.81","","","0xceaa3182",""
"0xd001eeee9d04653344fc6b6e205210c2516c7a0fd43085f5a6bca8652de4f2a0","50173750","1717252920","2024-06-01 14:42:00","0x77d39851630069f55e4caacc1db793c7973e7876","0x33a539e2469c8d3421b3ff29cc7b7de1e695ebfe","","0","0","0","0.00000402","0.0152538995369154","3812.81","","","0xd0847fae",""
"0x649adc09a7610d30ff0626e924c9212b82bb568aa4f6d81db5555b19bfbcac43","50173757","1717252922","2024-06-01 14:42:02","0x77d39851630069f55e4caacc1db793c7973e7876","0x33a539e2469c8d3421b3ff29cc7b7de1e695ebfe","","0","0","0","0.0000031","0.0117629573543378","3812.81","","","0xceaa3182",""
"0x00254b5fadd6468a044f7b63768af437ffb3973677d8c84502c23f190dc62194","50173810","1717252936","2024-06-01 14:42:16","0x77d39851630069f55e4caacc1db793c7973e7876","0x33a539e2469c8d3421b3ff29cc7b7de1e695ebfe","","0","0","0","0.00000402","0.0152538995369154","3812.81","","","0xd0847fae",""
"0x107df2fb42dd6246ae87a9fbae386616b7f67e4a82d27df30771f50ff91f2a20","50173818","1717252938","2024-06-01 14:42:18","0x77d39851630069f55e4caacc1db793c7973e7876","0x33a539e2469c8d3421b3ff29cc7b7de1e695ebfe","","0","0","0","0.0000031","0.0117629573543378","3812.81","","","0xceaa3182",""
"0x09f035e05fc7dee106739ad39395af0ee17333ed0e737f3091a0e75c5a5842b1","50173866","1717252950","2024-06-01 14:42:30","0x77d39851630069f55e4caacc1db793c7973e7876","0x33a539e2469c8d3421b3ff29cc7b7de1e695ebfe","","0","0","0","0.00000402","0.0152538995369154","3812.81","","","0xd0847fae",""
"0x892975d6774743fbd824c163a4cbfc39280a6fd9c80b304a87b7202f86ae6bfb","50173873","1717252952","2024-06-01 14:42:32","0x77d39851630069f55e4caacc1db793c7973e7876","0x33a539e2469c8d3421b3ff29cc7b7de1e695ebfe","","0","0","0","0.0000031","0.0117629573543378","3812.81","","","0xceaa3182",""