"Txhash","Blockno","UnixTimestamp","DateTime","From","To","ContractAddress","Value_IN(ETH)","Value_OUT(ETH)","CurrentValue @ $3795.3220297876/ETH","TxnFee(ETH)","TxnFee(USD)","Historical $Price/ETH","Status","ErrCode","Method"
"0x9325d987ec6211ad761b07fb7072f82416596afde7686acdebdd5eaa96ed535a","50167984","1717251437","2024-06-01 14:17:17","0x4ca377a1b7f16e102c1aa2a878e7d9e3281615d6","0x33a539e2469c8d3421b3ff29cc7b7de1e695ebfe","","0","0","0","0.00000321","0.0121829837156182","3812.81","","","0x1214c5e5",""
"0x77e9c6a208fe8a1d361d76e7e1a9a0c255a8d41120f9bb674cf3ad58bdf0ad64","50168050","1717251455","2024-06-01 14:17:35","0x4ca377a1b7f16e102c1aa2a878e7d9e3281615d6","0x33a539e2469c8d3421b3ff29cc7b7de1e695ebfe","","0","0","0","0.00000321","0.0121829837156182","3812.81","","","0x1214c5e5",""
"0x6bacd4ff85bfd4cae2f5808d6a3f31626b66c72c8178a5d82995794465cbbc42","50168112","1717251470","2024-06-01 14:17:50","0x4ca377a1b7f16e102c1aa2a878e7d9e3281615d6","0x33a539e2469c8d3421b3ff29cc7b7de1e695ebfe","","0","0","0","0.00000321","0.0121829837156182","3812.81","","","0x1214c5e5",""
"0x64adc18e3ba3e51713ca0de58e955e7f7a0bdf54d3700f7c36fba2ded100a8d8","50168183","1717251486","2024-06-01 14:18:06","0x4ca377a1b7f16e102c1aa2a878e7d9e3281615d6","0x33a539e2469c8d3421b3ff29cc7b7de1e695ebfe","","0","0","0","0.0000031","0.0117654982923416","3812.81","","","0x1214c5e5",""
"0x938061e83b3c026c6f1db2036e6d720e3f77d1da99750efa2507880750768ea3","50168241","1717251501","2024-06-01 14:18:21","0x4ca377a1b7f16e102c1aa2a878e7d9e3281615d6","0x33a539e2469c8d3421b3ff29cc7b7de1e695ebfe","","0","0","0","0.0000031","0.0117654982923416","3812.81","","","0x1214c5e5",""
"0x1c806c3245ae431bff06ffd01e6700f0d7eaadbfdc30c4f6ecd674fd225cf1c0","50168300","1717251516","2024-06-01 14:18:36","0x4ca377a1b7f16e102c1aa2a878e7d9e3281615d6","0x33a539e2469c8d3421b3ff29cc7b7de1e695ebfe","","0","0","0","0.0000031","0.0117654982923416","3812.81","","","0x1214c5e5",""
"0x787ae7c53130bc49213621a75282451e6fcc19ba457230c6b9561aa7f29cfd27","50168358","1717251531","2024-06-01 14:18:51","0x4ca377a1b7f16e102c1aa2a878e7d9e3281615d6","0x33a539e2469c8d3421b3ff29cc7b7de1e695ebfe","","0","0","0","0.0000031","0.0117654982923416","3812.81","","","0x1214c5e5",""
"0xf350b4ec5d2832a52595b13ee45fda2e9490a10754119a940d963c88545e9832","50168413","1717251546","2024-06-01 14:19:06","0x4ca377a1b7f16e102c1aa2a878e7d9e3281615d6","0x33a539e2469c8d3421b3ff29cc7b7de1e695ebfe","","0","0","0","0.0000031","0.0117654982923416","3812.81","","","0x1214c5e5",""
"0x6b6f9885385d8708c753f7a6cacd1fab0b58cf5834dd120104c218488c800ae2","50168472","1717251562","2024-06-01 14:19:22","0x4ca377a1b7f16e102c1aa2a878e7d9e3281615d6","0x33a539e2469c8d3421b3ff29cc7b7de1e695ebfe","","0","0","0","0.0000031","0.0117654982923416","3812.81","","","0x1214c5e5",""
"0x4332d786fe897c9969debd3e853077d620ac6180d9363520831a4f874439c209","50168532","1717251578","2024-06-01 14:19:38","0x4ca377a1b7f16e102c1aa2a878e7d9e3281615d6","0x33a539e2469c8d3421b3ff29cc7b7de1e695ebfe","","0","0","0","0.0000031","0.0117654982923416","3812.81","","","0x1214c5e5",""
"0x7653b49d54ce590789572b7c1cac842d8f33491e05410e1c19bad6f92c805e5b","50168592","1717251594","2024-06-01 14:19:54","0x4ca377a1b7f16e102c1aa2a878e7d9e3281615d6","0x33a539e2469c8d3421b3ff29cc7b7de1e695ebfe","","0","0","0","0.0000031","0.0117654982923416","3812.81","","","0x1214c5e5",""
"0x7ff1f81714d2fb357fee62384e10ed8866cefe4e18830969fddb97595e15cc2c","50168648","1717251608","2024-06-01 14:20:08","0x4ca377a1b7f16e102c1aa2a878e7d9e3281615d6","0x33a539e2469c8d3421b3ff29cc7b7de1e695ebfe","","0","0","0","0.0000031","0.0117654982923416","3812.81","","","0x1214c5e5",""
"0xfd21613f89c811718a06ac2565e44361d08b98bc91f676935b0b5e5d0c8e0fc4","50168706","1717251624","2024-06-01 14:20:24","0x4ca377a1b7f16e102c1aa2a878e7d9e3281615d6","0x33a539e2469c8d3421b3ff29cc7b7de1e695ebfe","","0","0","0","0.0000031","0.0117654982923416","3812.81","","","0x1214c5e5",""
"0x3e4bcb63917491a8ba64dff43c69f32c80525763b5dbb6a73ab20948a8aa2f09","50168768","1717251641","2024-06-01 14:20:41","0x4ca377a1b7f16e102c1aa2a878e7d9e3281615d6","0x33a539e2469c8d3421b3ff29cc7b7de1e695ebfe","","0","0","0","0.0000031","0.0117654982923416","3812.81","","","0x1214c5e5",""
"0xb2d636c728d76209cbe0bcf6583e7e8fb3fc806aed1b43882b4397d17750032c","50168826","1717251655","2024-06-01 14:20:55","0x4ca377a1b7f16e102c1aa2a878e7d9e3281615d6","0x33a539e2469c8d3421b3ff29cc7b7de1e695ebfe","","0","0","0","0.0000031","0.0117654982923416","3812.81","","","0x1214c5e5",""
"0xc58b86cf86186dadc7c7cb57c66ac3aefc3082d96a2c147fe2c3ad6017efa909","50168886","1717251671","2024-06-01 14:21:11","0x4ca377a1b7f16e102c1aa2a878e7d9e3281615d6","0x33a539e2469c8d3421b3ff29cc7b7de1e695ebfe","","0","0","0","0.0000031","0.0117654982923416","3812.81","","","0x1214c5e5",""
"0x8290ac31d61a0a772b0dc63b7e112308827eae77d0c43a80baddcf19e3b2e433","50168949","1717251688","2024-06-01 14:21:28","0x4ca377a1b7f16e102c1aa2a878e7d9e3281615d6","0x33a539e2469c8d3421b3ff29cc7b7de1e695ebfe","","0","0","0","0.0000031","0.0117654982923416","3812.81","","","0x1214c5e5",""
"0x260be3409de7b7178cea104d38540078f10d3d51e21ad06cf21cefbc723d3059","50169012","1717251704","2024-06-01 14:21:44","0x4ca377a1b7f16e102c1aa2a878e7d9e3281615d6","0x33a539e2469c8d3421b3ff29cc7b7de1e695ebfe","","0","0","0","0.0000031","0.0117654982923416","3812.81","","","0x1214c5e5",""
"0xecaae01e8abe0a0adb8ec2484bf2457b886d1ad8afc8ff182fb5720a0acf908f","50169069","1717251719","2024-06-01 14:21:59","0x4ca377a1b7f16e102c1aa2a878e7d9e3281615d6","0x33a539e2469c8d3421b3ff29cc7b7de1e695ebfe","","0","0","0","0.0000031","0.0117654982923416","3812.81","","","0x1214c5e5",""
"0x06e499494867bb7349767433e2456d95e62e62b0fe1d69ef2840c50c59c51a95","50169126","1717251733","2024-06-01 14:22:13","0x4ca377a1b7f16e102c1aa2a878e7d9e3281615d6","0x33a539e2469c8d3421b3ff29cc7b7de1e695ebfe","","0","0","0","0.0000031","0.0117654982923416","3812.81","","","0x1214c5e5",""
"0x9fb406729b602e6e8b2dd4ab83ec8ea62cd7d69d58bf7f1e1f2cce4dfccc4ccd","50169185","1717251748","2024-06-01 14:22:28","0x4ca377a1b7f16e102c1aa2a878e7d9e3281615d6","0x33a539e2469c8d3421b3ff29cc7b7de1e695ebfe","","0","0","0","0.0000031","0.0117654982923416","3812.81","","","0x1214c5e5",""
"0x29cc4140e7904c6fac5cb27f9e30bf49c000d6a3acc8c2c7daff5882a5b42151","50169246","1717251764","2024-06-01 14:22:44","0x4ca377a1b7f16e102c1aa2a878e7d9e3281615d6","0x33a539e2469c8d3421b3ff29cc7b7de1e695ebfe","","0","0","0","0.0000031","0.0117654982923416","3812.81","","","0x1214c5e5",""
"0xcde7bb662370ca84a4ddccb1ac452b6de6ef24e63b6d3a75ff522b275d076e5b","50169300","1717251778","2024-06-01 14:22:58","0x4ca377a1b7f16e102c1aa2a878e7d9e3281615d6","0x33a539e2469c8d3421b3ff29cc7b7de1e695ebfe","","0","0","0","0.0000031","0.0117654982923416","3812.81","","","0x1214c5e5",""
"0x18219af98c2718fad62b3f5cebacaa10c5e5cf016e218191018f986812c043b9","50169356","1717251793","2024-06-01 14:23:13","0x4ca377a1b7f16e102c1aa2a878e7d9e3281615d6","0x33a539e2469c8d3421b3ff29cc7b7de1e695ebfe","","0","0","0","0.0000031","0.0117654982923416","3812.81","","","0x1214c5e5",""
"0x862b23ce3704c0eafa2a17145a136f97422a20b9e96b2826626128e52a223dfd","50169417","1717251808","2024-06-01 14:23:28","0x4ca377a1b7f16e102c1aa2a878e7d9e3281615d6","0x33a539e2469c8d3421b3ff29cc7b7de1e695ebfe","","0","0","0","0.0000031","0.0117654982923416","3812.81","","","0x1214c5e5",""
"0xa565dddb7c39bfa1be3e2c2c0571513c24214fc139efcaeb3e6bfb2165492f35","50169475","1717251823","2024-06-01 14:23:43","0x4ca377a1b7f16e102c1aa2a878e7d9e3281615d6","0x33a539e2469c8d3421b3ff29cc7b7de1e695ebfe","","0","0","0","0.0000031","0.0117654982923416","3812.81","","","0x1214c5e5",""
"0x50298ff32a00e006d1005f93b503754390295499e53be8f3f5cad4bb030f66d0","50169533","1717251838","2024-06-01 14:23:58","0x4ca377a1b7f16e102c1aa2a878e7d9e3281615d6","0x33a539e2469c8d3421b3ff29cc7b7de1e695ebfe","","0","0","0","0.0000031","0.0117654982923416","3812.81","","","0x1214c5e5",""
"0x44252da017151dc784194ca6bd56f9a404d39526ae072aa8892d884ab014aa64","50169604","1717251854","2024-06-01 14:24:14","0x4ca377a1b7f16e102c1aa2a878e7d9e3281615d6","0x33a539e2469c8d3421b3ff29cc7b7de1e695ebfe","","0","0","0","0.0000031","0.0117654982923416","3812.81","","","0x1214c5e5",""
"0x5e6ae7921135177cc335846300e0fab837ac3aaae7dc215285b22679b708861f","50169661","1717251869","2024-06-01 14:24:29","0x4ca377a1b7f16e102c1aa2a878e7d9e3281615d6","0x33a539e2469c8d3421b3ff29cc7b7de1e695ebfe","","0","0","0","0.0000031","0.0117654982923416","3812.81","","","0x1214c5e5",""
"0x6e0f6ec01e133bbfaad9e4e5dd5a5c6fdce6320cf5b8948df596ee8bb72d59d1","50169718","1717251883","2024-06-01 14:24:43","0x4ca377a1b7f16e102c1aa2a878e7d9e3281615d6","0x33a539e2469c8d3421b3ff29cc7b7de1e695ebfe","","0","0","0","0.0000031","0.0117654982923416","3812.81","","","0x1214c5e5",""
"0xbdc7bc99761f0cc6bbb9c4fd9eb31298a984d754cbfb3b95ad78a1d59d342dc9","50169777","1717251899","2024-06-01 14:24:59","0x4ca377a1b7f16e102c1aa2a878e7d9e3281615d6","0x33a539e2469c8d3421b3ff29cc7b7de1e695ebfe","","0","0","0","0.0000031","0.0117654982923416","3812.81","","","0x1214c5e5",""
"0xa611dd9ed896ce1e2a1a231c878514cc90325dfc4a7260360e0b644853a6c234","50169836","1717251914","2024-06-01 14:25:14","0x4ca377a1b7f16e102c1aa2a878e7d9e3281615d6","0x33a539e2469c8d3421b3ff29cc7b7de1e695ebfe","","0","0","0","0.0000031","0.0117654982923416","3812.81","","","0x1214c5e5",""
"0xb86855c299844ee5436c9d49ab8cb5f40c1b17afaa6f1829437018187d1db8ac","50169894","1717251929","2024-06-01 14:25:29","0x4ca377a1b7f16e102c1aa2a878e7d9e3281615d6","0x33a539e2469c8d3421b3ff29cc7b7de1e695ebfe","","0","0","0","0.0000031","0.0117654982923416","3812.81","","","0x1214c5e5",""
"0x9ae50569b100aebdc1431c9da04dfad9b0c3a4c86a5d1261ba8d83bb81a12976","50169952","1717251943","2024-06-01 14:25:43","0x4ca377a1b7f16e102c1aa2a878e7d9e3281615d6","0x33a539e2469c8d3421b3ff29cc7b7de1e695ebfe","","0","0","0","0.0000031","0.0117654982923416","3812.81","","","0x1214c5e5",""
"0xfecc2fdb2a49993f7a7e7a200ab04753a20742ecd37c1551bcfff65154615553","50170007","1717251958","2024-06-01 14:25:58","0x4ca377a1b7f16e102c1aa2a878e7d9e3281615d6","0x33a539e2469c8d3421b3ff29cc7b7de1e695ebfe","","0","0","0","0.0000031","0.0117654982923416","3812.81","","","0x1214c5e5",""
"0xd2dd70bb700fd95908be46e4e2a0e1af012a7f6172658acbb7d560569213095b","50170070","1717251974","2024-06-01 14:26:14","0x4ca377a1b7f16e102c1aa2a878e7d9e3281615d6","0x33a539e2469c8d3421b3ff29cc7b7de1e695ebfe","","0","0","0","0.0000031","0.0117654982923416","3812.81","","","0x1214c5e5",""
"0xaca87d1be2df58daa4218c3784391df58d37624dc3a59b5916f819b087c3f4ce","50170127","1717251988","2024-06-01 14:26:28","0x4ca377a1b7f16e102c1aa2a878e7d9e3281615d6","0x33a539e2469c8d3421b3ff29cc7b7de1e695ebfe","","0","0","0","0.0000031","0.0117654982923416","3812.81","","","0x1214c5e5",""
"0x538163e3b1a82f51b4a2be98d1861fefd3c230e9e627875fbcc80cdb2307dd5a","50170190","1717252004","2024-06-01 14:26:44","0x4ca377a1b7f16e102c1aa2a878e7d9e3281615d6","0x33a539e2469c8d3421b3ff29cc7b7de1e695ebfe","","0","0","0","0.0000031","0.0117654982923416","3812.81","","","0x1214c5e5",""
"0x83ee8cd8da610cb6017b55dd968f821d8330ccf5091bfc5bd5091652bed98980","50170250","1717252019","2024-06-01 14:26:59","0x4ca377a1b7f16e102c1aa2a878e7d9e3281615d6","0x33a539e2469c8d3421b3ff29cc7b7de1e695ebfe","","0","0","0","0.0000031","0.0117654982923416","3812.81","","","0x1214c5e5",""
"0xc4177e6190ea774f5baaa5732e6f07796e6d3effea55df38697e060401a14d6f","50170313","1717252035","2024-06-01 14:27:15","0x4ca377a1b7f16e102c1aa2a878e7d9e3281615d6","0x33a539e2469c8d3421b3ff29cc7b7de1e695ebfe","","0","0","0","0.0000031","0.0117654982923416","3812.81","","","0x1214c5e5",""
"0x21ebbfb124e10de26aee307ce897e12a953d0b8907fe6faeda76aa4806a11489","50170369","1717252050","2024-06-01 14:27:30","0x4ca377a1b7f16e102c1aa2a878e7d9e3281615d6","0x33a539e2469c8d3421b3ff29cc7b7de1e695ebfe","","0","0","0","0.0000031","0.0117654982923416","3812.81","","","0x1214c5e5",""
"0xeeb5e4e22faf89ba122f5718560a67bbe5d9127fec82e926f64e5027886d0c31","50170427","1717252065","2024-06-01 14:27:45","0x4ca377a1b7f16e102c1aa2a878e7d9e3281615d6","0x33a539e2469c8d3421b3ff29cc7b7de1e695ebfe","","0","0","0","0.0000031","0.0117654982923416","3812.81","","","0x1214c5e5",""
"0x79fcd942bba1ffa6d7395563e10d5bf4853228de2c4027bc150c8a8d41cd4dab","50170486","1717252080","2024-06-01 14:28:00","0x4ca377a1b7f16e102c1aa2a878e7d9e3281615d6","0x33a539e2469c8d3421b3ff29cc7b7de1e695ebfe","","0","0","0","0.0000031","0.0117654982923416","3812.81","","","0x1214c5e5",""
"0x38ca82c334c8d700edfcc43827d30de6f40dca9bf683f3925f0e5e36f87dd1ef","50170549","1717252097","2024-06-01 14:28:17","0x4ca377a1b7f16e102c1aa2a878e7d9e3281615d6","0x33a539e2469c8d3421b3ff29cc7b7de1e695ebfe","","0","0","0","0.0000031","0.0117654982923416","3812.81","","","0x1214c5e5",""
"0xfd5752f2e2e1bbb0618b5087b5ed7e8cfbaddd131e1d9daaf52c907190581e9e","50170610","1717252113","2024-06-01 14:28:33","0x4ca377a1b7f16e102c1aa2a878e7d9e3281615d6","0x33a539e2469c8d3421b3ff29cc7b7de1e695ebfe","","0","0","0","0.0000031","0.0117654982923416","3812.81","","","0x1214c5e5",""
"0x27d498640abf217f945c38d1407b2a7ccd87a9e9d137ea75f7b4d047b8158335","50170670","1717252128","2024-06-01 14:28:48","0x4ca377a1b7f16e102c1aa2a878e7d9e3281615d6","0x33a539e2469c8d3421b3ff29cc7b7de1e695ebfe","","0","0","0","0.0000031","0.0117654982923416","3812.81","","","0x1214c5e5",""
"0xabadc84da2478937231d88c3764201323e297910c9c5a8f209d0682aea56942d","50170731","1717252143","2024-06-01 14:29:03","0x4ca377a1b7f16e102c1aa2a878e7d9e3281615d6","0x33a539e2469c8d3421b3ff29cc7b7de1e695ebfe","","0","0","0","0.0000031","0.0117654982923416","3812.81","","","0x1214c5e5",""
"0xb2471c270974463f6e745a2d07c891c6690a12d1968c04386af61dc64eebd938","50170791","1717252159","2024-06-01 14:29:19","0x4ca377a1b7f16e102c1aa2a878e7d9e3281615d6","0x33a539e2469c8d3421b3ff29cc7b7de1e695ebfe","","0","0","0","0.0000031","0.0117654982923416","3812.81","","","0x1214c5e5",""
"0xcb216720efec6c58d34369170e062f465b85b875e9036e5d5a6c98137c4ed0ca","50170848","1717252174","2024-06-01 14:29:34","0x4ca377a1b7f16e102c1aa2a878e7d9e3281615d6","0x33a539e2469c8d3421b3ff29cc7b7de1e695ebfe","","0","0","0","0.0000031","0.0117654982923416","3812.81","","","0x1214c5e5",""
"0x03535f041fbb4829e7cc424da98a675fb5157f6980ca550b7439b98245ae3f3a","50170907","1717252189","2024-06-01 14:29:49","0x4ca377a1b7f16e102c1aa2a878e7d9e3281615d6","0x33a539e2469c8d3421b3ff29cc7b7de1e695ebfe","","0","0","0","0.0000031","0.0117654982923416","3812.81","","","0x1214c5e5",""
"0x6cde735c90463378c1c1a1e792879f2ed5de5fbe63baffbc1a7fd6b18835b1de","50170972","1717252206","2024-06-01 14:30:06","0x4ca377a1b7f16e102c1aa2a878e7d9e3281615d6","0x33a539e2469c8d3421b3ff29cc7b7de1e695ebfe","","0","0","0","0.0000031","0.0117654982923416","3812.81","","","0x1214c5e5",""
"0x17d63f169e5003f77bed714ec057db7e00f26b0da60b4a9ef941292fa34337d3","50171046","1717252222","2024-06-01 14:30:22","0x4ca377a1b7f16e102c1aa2a878e7d9e3281615d6","0x33a539e2469c8d3421b3ff29cc7b7de1e695ebfe","","0","0","0","0.0000031","0.0117654982923416","3812.81","","","0x1214c5e5",""
"0x695c5d277d0f249e4756955408c0715f6f548e859df6db8f9e917b148359b2f0","50171105","1717252237","2024-06-01 14:30:37","0x4ca377a1b7f16e102c1aa2a878e7d9e3281615d6","0x33a539e2469c8d3421b3ff29cc7b7de1e695ebfe","","0","0","0","0.0000031","0.0117654982923416","3812.81","","","0x1214c5e5",""
"0x735f72f981a087ed6fc0ea9ffd6a5d8f27afd628b2b55d54ec21cab9fa2d3b2f","50171167","1717252253","2024-06-01 14:30:53","0x4ca377a1b7f16e102c1aa2a878e7d9e3281615d6","0x33a539e2469c8d3421b3ff29cc7b7de1e695ebfe","","0","0","0","0.0000031","0.0117654982923416","3812.81","","","0x1214c5e5",""
"0xfd2634e582bb023de905040fe5a6549f61657ed9a3e647803d783e1b73f94a94","50171227","1717252269","2024-06-01 14:31:09","0x4ca377a1b7f16e102c1aa2a878e7d9e3281615d6","0x33a539e2469c8d3421b3ff29cc7b7de1e695ebfe","","0","0","0","0.0000031","0.0117654982923416","3812.81","","","0x1214c5e5",""
"0xe66c8a7e58de543d761544ca2577fd588f84344b0deae38dfab9e3f8cf0c2c93","50171282","1717252284","2024-06-01 14:31:24","0x4ca377a1b7f16e102c1aa2a878e7d9e3281615d6","0x33a539e2469c8d3421b3ff29cc7b7de1e695ebfe","","0","0","0","0.0000031","0.0117654982923416","3812.81","","","0x1214c5e5",""
"0xe7477b567d64afb14f24de0ae3f31e82804e039cd579e1ec03481db30ba16215","50171340","1717252299","2024-06-01 14:31:39","0x4ca377a1b7f16e102c1aa2a878e7d9e3281615d6","0x33a539e2469c8d3421b3ff29cc7b7de1e695ebfe","","0","0","0","0.0000031","0.0117654982923416","3812.81","","","0x1214c5e5",""
"0x9cdc0dc98c8ecaaaff20cbd91290ab8429c052087666e0e3427a616ca6dbd3f1","50171397","1717252314","2024-06-01 14:31:54","0x4ca377a1b7f16e102c1aa2a878e7d9e3281615d6","0x33a539e2469c8d3421b3ff29cc7b7de1e695ebfe","","0","0","0","0.0000031","0.0117654982923416","3812.81","","","0x1214c5e5",""
"0xdf76c2b8d69087eb522d3f1c6bd2266afa203e722b06d15160690cdb27d022fa","50171456","1717252329","2024-06-01 14:32:09","0x4ca377a1b7f16e102c1aa2a878e7d9e3281615d6","0x33a539e2469c8d3421b3ff29cc7b7de1e695ebfe","","0","0","0","0.0000031","0.0117654982923416","3812.81","","","0x1214c5e5",""
"0xd08445fa171a8c969fe2cb051f31fe6f765652c6ee0194da766272c3e947ea2e","50171517","1717252345","2024-06-01 14:32:25","0x4ca377a1b7f16e102c1aa2a878e7d9e3281615d6","0x33a539e2469c8d3421b3ff29cc7b7de1e695ebfe","","0","0","0","0.0000031","0.0117654982923416","3812.81","","","0x1214c5e5",""
"0x8eb744a59fa026ba42465ead639793f983a97d2b5ccb9b1066b2806e836738a1","50171572","1717252360","2024-06-01 14:32:40","0x4ca377a1b7f16e102c1aa2a878e7d9e3281615d6","0x33a539e2469c8d3421b3ff29cc7b7de1e695ebfe","","0","0","0","0.0000031","0.0117654982923416","3812.81","","","0x1214c5e5",""
"0x550f1a6da16df448bd0daa4b75debb4304c28d75ef5adc9a03bf6b9d844eec9d","50171638","1717252377","2024-06-01 14:32:57","0x4ca377a1b7f16e102c1aa2a878e7d9e3281615d6","0x33a539e2469c8d3421b3ff29cc7b7de1e695ebfe","","0","0","0","0.0000031","0.0117654982923416","3812.81","","","0x1214c5e5",""
"0x401d897e3629c55408d23e4225e10aebbdebb1733003c16e1d92e1ca7857bcc9","50171694","1717252392","2024-06-01 14:33:12","0x4ca377a1b7f16e102c1aa2a878e7d9e3281615d6","0x33a539e2469c8d3421b3ff29cc7b7de1e695ebfe","","0","0","0","0.0000031","0.0117654982923416","3812.81","","","0x1214c5e5",""
"0x5543ccb93a97d85657c9632ca572ee364903febdb7e9fe4197f3fae687f25b1e","50171750","1717252406","2024-06-01 14:33:26","0x4ca377a1b7f16e102c1aa2a878e7d9e3281615d6","0x33a539e2469c8d3421b3ff29cc7b7de1e695ebfe","","0","0","0","0.0000031","0.0117654982923416","3812.81","","","0x1214c5e5",""
"0xe25b7321af3ad9544c46b9618f03712948a1f0e85baf41eade9418f79c4e62d9","50171807","1717252421","2024-06-01 14:33:41","0x4ca377a1b7f16e102c1aa2a878e7d9e3281615d6","0x33a539e2469c8d3421b3ff29cc7b7de1e695ebfe","","0","0","0","0.0000031","0.0117654982923416","3812.81","","","0x1214c5e5",""
"0x36af648906b4c42c87c75de5810bff3117a79fcdeb89fc13e4501f0291928acd","50171870","1717252437","2024-06-01 14:33:57","0x4ca377a1b7f16e102c1aa2a878e7d9e3281615d6","0x33a539e2469c8d3421b3ff29cc7b7de1e695ebfe","","0","0","0","0.0000031","0.0117654982923416","3812.81","","","0x1214c5e5",""
"0x471ae4a36915cfb8811a572a5304191bda8a3ec12c8ddeb3448b396f758831b5","50171926","1717252452","2024-06-01 14:34:12","0x4ca377a1b7f16e102c1aa2a878e7d9e3281615d6","0x33a539e2469c8d3421b3ff29cc7b7de1e695ebfe","","0","0","0","0.0000031","0.0117654982923416","3812.81","","","0x1214c5e5",""
"0x85fce32f3e6ed35947e87bc0456353688676f37e4ecd40f42ac5ea7683f17a07","50171985","1717252467","2024-06-01 14:34:27","0x4ca377a1b7f16e102c1aa2a878e7d9e3281615d6","0x33a539e2469c8d3421b3ff29cc7b7de1e695ebfe","","0","0","0","0.0000031","0.0117654982923416","3812.81","","","0x1214c5e5",""
"0xe2a663001344d6356ec7db7942ccbb07660e44a8ad40428c232538374258ec7e","50172043","1717252482","2024-06-01 14:34:42","0x4ca377a1b7f16e102c1aa2a878e7d9e3281615d6","0x33a539e2469c8d3421b3ff29cc7b7de1e695ebfe","","0","0","0","0.0000031","0.0117654982923416","3812.81","","","0x1214c5e5",""
"0xbbb6cd1c5a006302b88cb5a0144e7b9b6ca2e0c86c7b2349362f9e04008a2809","50172102","1717252497","2024-06-01 14:34:57","0x4ca377a1b7f16e102c1aa2a878e7d9e3281615d6","0x33a539e2469c8d3421b3ff29cc7b7de1e695ebfe","","0","0","0","0.0000031","0.0117654982923416","3812.81","","","0x1214c5e5",""
"0xfc4a58a115f14407a03b1edaa836538022182180a8b28723e6b85996defee5e8","50172159","1717252512","2024-06-01 14:35:12","0x4ca377a1b7f16e102c1aa2a878e7d9e3281615d6","0x33a539e2469c8d3421b3ff29cc7b7de1e695ebfe","","0","0","0","0.0000031","0.0117654982923416","3812.81","","","0x1214c5e5",""
"0x7130de785d94a3e48029523f660432f3cd670d7f3cb0cd648b7187eb389d2bb6","50172215","1717252526","2024-06-01 14:35:26","0x4ca377a1b7f16e102c1aa2a878e7d9e3281615d6","0x33a539e2469c8d3421b3ff29cc7b7de1e695ebfe","","0","0","0","0.0000031","0.0117654982923416","3812.81","","","0x1214c5e5",""
"0x022d188d1ead5687531ec30054ff4e1d8b0c6f89a43c490dcc8e857b24721610","50172274","1717252542","2024-06-01 14:35:42","0x4ca377a1b7f16e102c1aa2a878e7d9e3281615d6","0x33a539e2469c8d3421b3ff29cc7b7de1e695ebfe","","0","0","0","0.0000031","0.0117654982923416","3812.81","","","0x1214c5e5",""
"0xef4cd86678fd53a8cc9c57a2bee1886df99ffdfa1296a7b066cdd73b845892da","50172334","1717252557","2024-06-01 14:35:57","0x4ca377a1b7f16e102c1aa2a878e7d9e3281615d6","0x33a539e2469c8d3421b3ff29cc7b7de1e695ebfe","","0","0","0","0.0000031","0.0117654982923416","3812.81","","","0x1214c5e5",""
"0x137100f355222b1767f89c8719f6e4afc014b166b5c451a520e2942c674d172c","50172390","1717252571","2024-06-01 14:36:11","0x4ca377a1b7f16e102c1aa2a878e7d9e3281615d6","0x33a539e2469c8d3421b3ff29cc7b7de1e695ebfe","","0","0","0","0.0000031","0.0117654982923416","3812.81","","","0x1214c5e5",""
"0x4aa510ccc084a0f7021c637c18a3d281c31b3adea59af5f7b8693674ad6b5bd9","50172448","1717252587","2024-06-01 14:36:27","0x4ca377a1b7f16e102c1aa2a878e7d9e3281615d6","0x33a539e2469c8d3421b3ff29cc7b7de1e695ebfe","","0","0","0","0.0000031","0.0117654982923416","3812.81","","","0x1214c5e5",""
"0x97409d2fe3567f7f88bc3d241ecd4fdf6b6a65aaa2cfe701152939a8866dba88","50172507","1717252602","2024-06-01 14:36:42","0x4ca377a1b7f16e102c1aa2a878e7d9e3281615d6","0x33a539e2469c8d3421b3ff29cc7b7de1e695ebfe","","0","0","0","0.0000031","0.0117654982923416","3812.81","","","0x1214c5e5",""
"0x5c718669afef7dc2361443e830b5de8126a343a9f3e8da6ff7ba9313e998b65a","50172578","1717252617","2024-06-01 14:36:57","0x4ca377a1b7f16e102c1aa2a878e7d9e3281615d6","0x33a539e2469c8d3421b3ff29cc7b7de1e695ebfe","","0","0","0","0.0000031","0.0117654982923416","3812.81","","","0x1214c5e5",""
"0x618fcee958c436b2097aaf1a93f67fa69b9fe03f4cf022e4ff6ca3a5b8918d19","50172643","1717252634","2024-06-01 14:37:14","0x4ca377a1b7f16e102c1aa2a878e7d9e3281615d6","0x33a539e2469c8d3421b3ff29cc7b7de1e695ebfe","","0","0","0","0.0000031","0.0117654982923416","3812.81","","","0x1214c5e5",""
"0x39053d9203f75c55922d680b48f12ed86b96242b1256e670c846a6c6db9479b9","50172705","1717252649","2024-06-01 14:37:29","0x4ca377a1b7f16e102c1aa2a878e7d9e3281615d6","0x33a539e2469c8d3421b3ff29cc7b7de1e695ebfe","","0","0","0","0.0000031","0.0117654982923416","3812.81","","","0x1214c5e5",""
"0xe243eba18bc6b62fd1187b1bb176cf7920933c13757141d919148b60550211eb","50172762","1717252664","2024-06-01 14:37:44","0x4ca377a1b7f16e102c1aa2a878e7d9e3281615d6","0x33a539e2469c8d3421b3ff29cc7b7de1e695ebfe","","0","0","0","0.0000031","0.0117654982923416","3812.81","","","0x1214c5e5",""
"0xb6d060c659ef9338e8b3fea680127a8f598ab304b1d67337e857fb23bfd4b427","50172824","1717252680","2024-06-01 14:38:00","0x4ca377a1b7f16e102c1aa2a878e7d9e3281615d6","0x33a539e2469c8d3421b3ff29cc7b7de1e695ebfe","","0","0","0","0.0000031","0.0117654982923416","3812.81","","","0x1214c5e5",""
"0xb2d7c66af92e2dfc916b591c0d08f64a48317e1a968d89697a22aef42c8d1e1e","50172882","1717252696","2024-06-01 14:38:16","0x4ca377a1b7f16e102c1aa2a878e7d9e3281615d6","0x33a539e2469c8d3421b3ff29cc7b7de1e695ebfe","","0","0","0","0.0000031","0.0117654982923416","3812.81","","","0x1214c5e5",""
"0xd88899f861bbbde5227d2d714f93ddec5af3fdfebeced039013e6281afb764c3","50172942","1717252711","2024-06-01 14:38:31","0x4ca377a1b7f16e102c1aa2a878e7d9e3281615d6","0x33a539e2469c8d3421b3ff29cc7b7de1e695ebfe","","0","0","0","0.0000031","0.0117654982923416","3812.81","","","0x1214c5e5",""
"0x9c7a9feadf142b71894d7ea05908f14f17234a99475c9375caa0bd7e9ea2cc4d","50173003","1717252727","2024-06-01 14:38:47","0x4ca377a1b7f16e102c1aa2a878e7d9e3281615d6","0x33a539e2469c8d3421b3ff29cc7b7de1e695ebfe","","0","0","0","0.0000031","0.0117654982923416","3812.81","","","0x1214c5e5",""
"0x96940f7f87beb2cb2e262da7afa97efa5f84d95de4faba536898133f769320a1","50173065","1717252743","2024-06-01 14:39:03","0x4ca377a1b7f16e102c1aa2a878e7d9e3281615d6","0x33a539e2469c8d3421b3ff29cc7b7de1e695ebfe","","0","0","0","0.0000031","0.0117654982923416","3812.81","","","0x1214c5e5",""
"0x064fc23573ad1e3952156a62d57e4b717173e233550fd9e459200f669a2edd85","50173124","1717252758","2024-06-01 14:39:18","0x4ca377a1b7f16e102c1aa2a878e7d9e3281615d6","0x33a539e2469c8d3421b3ff29cc7b7de1e695ebfe","","0","0","0","0.0000031","0.0117654982923416","3812.81","","","0x1214c5e5",""
"0x828f86ffdb53f5fd649da984ec43dfe798078e317c0eab76fb4761baf377d86f","50173187","1717252774","2024-06-01 14:39:34","0x4ca377a1b7f16e102c1aa2a878e7d9e3281615d6","0x33a539e2469c8d3421b3ff29cc7b7de1e695ebfe","","0","0","0","0.0000031","0.0117654982923416","3812.81","","","0x1214c5e5",""
"0xe5bede434c4cfafaba1b8af8ad57a3adb5a38f9f4f72a2dc3702a7534aa16572","50173245","1717252788","2024-06-01 14:39:48","0x4ca377a1b7f16e102c1aa2a878e7d9e3281615d6","0x33a539e2469c8d3421b3ff29cc7b7de1e695ebfe","","0","0","0","0.0000031","0.0117654982923416","3812.81","","","0x1214c5e5",""
"0x36c75f14b45f0aa6b973e44ab7e2a7dab6b5aa03c9b573339e38ee41ae11cd68","50173302","1717252804","2024-06-01 14:40:04","0x4ca377a1b7f16e102c1aa2a878e7d9e3281615d6","0x33a539e2469c8d3421b3ff29cc7b7de1e695ebfe","","0","0","0","0.0000031","0.0117654982923416","3812.81","","","0x1214c5e5",""
"0xe0904713142f44a1e9d5130feb67fd30d591a2896d6ac5579a89d356d5745231","50173358","1717252819","2024-06-01 14:40:19","0x4ca377a1b7f16e102c1aa2a878e7d9e3281615d6","0x33a539e2469c8d3421b3ff29cc7b7de1e695ebfe","","0","0","0","0.0000031","0.0117654982923416","3812.81","","","0x1214c5e5",""
"0x7152fb0a934b0b1334e019baf187644b0c82bfa438d75ad006c0f484baa0158d","50173415","1717252833","2024-06-01 14:40:33","0x4ca377a1b7f16e102c1aa2a878e7d9e3281615d6","0x33a539e2469c8d3421b3ff29cc7b7de1e695ebfe","","0","0","0","0.0000031","0.0117654982923416","3812.81","","","0x1214c5e5",""
"0xc53c7a866bab158d8672f94ae36ff6dfdb329220527ec99c22c84a2331c90cbe","50173474","1717252849","2024-06-01 14:40:49","0x4ca377a1b7f16e102c1aa2a878e7d9e3281615d6","0x33a539e2469c8d3421b3ff29cc7b7de1e695ebfe","","0","0","0","0.0000031","0.0117654982923416","3812.81","","","0x1214c5e5",""
"0x31fa5cb50d603d194032d7e943e3767d3ed401e61534967b40cb9db3069b8f38","50173533","1717252864","2024-06-01 14:41:04","0x4ca377a1b7f16e102c1aa2a878e7d9e3281615d6","0x33a539e2469c8d3421b3ff29cc7b7de1e695ebfe","","0","0","0","0.0000031","0.0117654982923416","3812.81","","","0x1214c5e5",""
"0xe2155d11bf9269915bd40573e4e5ea48b3def53762c65f6a5012ed3f840d2df9","50173592","1717252879","2024-06-01 14:41:19","0x4ca377a1b7f16e102c1aa2a878e7d9e3281615d6","0x33a539e2469c8d3421b3ff29cc7b7de1e695ebfe","","0","0","0","0.0000031","0.0117654982923416","3812.81","","","0x1214c5e5",""
"0xf683bc92cbf9d794d7a50fb14849e081741e7cc8f93be869381a0ba90cf08537","50173652","1717252895","2024-06-01 14:41:35","0x4ca377a1b7f16e102c1aa2a878e7d9e3281615d6","0x33a539e2469c8d3421b3ff29cc7b7de1e695ebfe","","0","0","0","0.0000031","0.0117654982923416","3812.81","","","0x1214c5e5",""
"0xb91e7610d0959162372f5e690f68079ffe575fc441d88018d5363cdff3bcb8a5","50173708","1717252909","2024-06-01 14:41:49","0x4ca377a1b7f16e102c1aa2a878e7d9e3281615d6","0x33a539e2469c8d3421b3ff29cc7b7de1e695ebfe","","0","0","0","0.0000031","0.0117654982923416","3812.81","","","0x1214c5e5",""
"0x6e461ec713a231ff707294481c6d584c9b2aef6cf79e245456c328e019787948","50173765","1717252924","2024-06-01 14:42:04","0x4ca377a1b7f16e102c1aa2a878e7d9e3281615d6","0x33a539e2469c8d3421b3ff29cc7b7de1e695ebfe","","0","0","0","0.0000031","0.0117654982923416","3812.81","","","0x1214c5e5",""
"0xabe981c3fccbc93ce48787b1aaa4caff0eb7cd69575dca82cc11035c176d07af","50173825","1717252939","2024-06-01 14:42:19","0x4ca377a1b7f16e102c1aa2a878e7d9e3281615d6","0x33a539e2469c8d3421b3ff29cc7b7de1e695ebfe","","0","0","0","0.0000031","0.0117654982923416","3812.81","","","0x1214c5e5",""
"0x925da1f3bb8ed1875725cb293813aa918bf139d7112c0700aa60fa7879a8f171","50173880","1717252953","2024-06-01 14:42:33","0x4ca377a1b7f16e102c1aa2a878e7d9e3281615d6","0x33a539e2469c8d3421b3ff29cc7b7de1e695ebfe","","0","0","0","0.0000031","0.0117654982923416","3812.81","","","0x1214c5e5",""
