"Txhash","Blockno","UnixTimestamp","DateTime","From","To","ContractAddress","Value_IN(ETH)","Value_OUT(ETH)","CurrentValue @ $3798.28112038939/ETH","TxnFee(ETH)","TxnFee(USD)","Historical $Price/ETH","Status","ErrCode","Method"
"0x2049739a5dfcf55ec6fa70ebe483c6aa99708ec550892283b8a77859c97f3341","50173896","1717252957","2024-06-01 14:42:37","0x5fc9e2028472c4419677ffab72cd81136aaf915a","0x33a539e2469c8d3421b3ff29cc7b7de1e695ebfe","","0","0","0","0.00000521","0.0197890446372287","3812.81","","","0x50a24a00",""
"0x527b6eb12be4758af0a2590188e41a1f9bd9272563d675383f80f99e9703c0ec","50173910","1717252961","2024-06-01 14:42:41","0x5fc9e2028472c4419677ffab72cd81136aaf915a","0x33a539e2469c8d3421b3ff29cc7b7de1e695ebfe","","0","0","0","0.00000605","0.0229796007783558","3812.81","","","0x50a24a00",""
"0x6de3a21b3aee1fd2301f199742b3ec8ede6ad358310087b021f28aaf2fe5dbcd","50173925","1717252965","2024-06-01 14:42:45","0x5fc9e2028472c4419677ffab72cd81136aaf915a","0x33a539e2469c8d3421b3ff29cc7b7de1e695ebfe","","0","0","0","0.00000605","0.0229796007783558","3812.81","","","0x50a24a00",""
"0x011a8e4d93553c6f8b8d0f92a6aa5c9aecc925b44a56b614191e432541dba5fa","50173941","1717252970","2024-06-01 14:42:50","0x5fc9e2028472c4419677ffab72cd81136aaf915a","0x33a539e2469c8d3421b3ff29cc7b7de1e695ebfe","","0","0","0","0.00000605","0.0229796007783558","3812.81","","","0x50a24a00",""
"0xb6213f830b50fd01937b90d6aa07ce196304f96767a9ea955ef00dde1f5db35e","50173955","1717252973","2024-06-01 14:42:53","0x5fc9e2028472c4419677ffab72cd81136aaf915a","0x33a539e2469c8d3421b3ff29cc7b7de1e695ebfe","","0","0","0","0.00000605","0.0229796007783558","3812.81","","","0x50a24a00",""
"0xc4c62e122ddc3084a2d6f90844fe244b43f75a3e05e7d8e042748b5f1287452d","50173970","1717252977","2024-06-01 14:42:57","0x5fc9e2028472c4419677ffab72cd81136aaf915a","0x33a539e2469c8d3421b3ff29cc7b7de1e695ebfe","","0","0","0","0.00000605","0.0229796007783558","3812.81","","","0x50a24a00",""
"0xe575899e143abc00ec10ecd20474f960f4601050941cba2f0493da50da07d73e","50173982","1717252980","2024-06-01 14:43:00","0x5fc9e2028472c4419677ffab72cd81136aaf915a","0x33a539e2469c8d3421b3ff29cc7b7de1e695ebfe","","0","0","0","0.00000605","0.0229796007783558","3812.81","","","0x50a24a00",""
"0xeeb161e10bb5a45334d527a52019f8ae47f227cc2be9c47b1ecb3d7eddb47570","50173996","1717252984","2024-06-01 14:43:04","0x5fc9e2028472c4419677ffab72cd81136aaf915a","0x33a539e2469c8d3421b3ff29cc7b7de1e695ebfe","","0","0","0","0.00000605","0.0229796007783558","3812.81","","","0x50a24a00",""
"0x2e2bf48bc15e62fdd550ef7a5f50a402e3561a7d3f42fa95358b68ddb3024b00","50174011","1717252988","2024-06-01 14:43:08","0x5fc9e2028472c4419677ffab72cd81136aaf915a","0x33a539e2469c8d3421b3ff29cc7b7de1e695ebfe","","0","0","0","0.00000605","0.0229796007783558","3812.81","","","0x50a24a00",""
"0x6ac4dd5a5fb608913944ced4353bab646fc3f693dedd1a7cfa1f37383f8194c1","50174024","1717252991","2024-06-01 14:43:11","0x5fc9e2028472c4419677ffab72cd81136aaf915a","0x33a539e2469c8d3421b3ff29cc7b7de1e695ebfe","","0","0","0","0.00000606","0.0230175835895597","3812.81","","","0x50a24a00",""
"0xd73ddbdea9202f9e55302695299f9ad34d667eb27993a4803ee5e950ccc7c070","50174038","1717252995","2024-06-01 14:43:15","0x5fc9e2028472c4419677ffab72cd81136aaf915a","0x33a539e2469c8d3421b3ff29cc7b7de1e695ebfe","","0","0","0","0.00000606","0.0230175835895597","3812.81","","","0x50a24a00",""
"0x33a68a516413a3e1a945a23b8eb56daf9d0044eebe210a848244e4e1bf261d09","50174075","1717252999","2024-06-01 14:43:19","0x5fc9e2028472c4419677ffab72cd81136aaf915a","0x33a539e2469c8d3421b3ff29cc7b7de1e695ebfe","","0","0","0","0.00000788","0.0299304552286684","3812.81","","","0x50a24a00",""
"0xd126d5a2dc2821aaf94dc43056fffa72681ce940e22372a0055db7e778b9c9af","50174088","1717253002","2024-06-01 14:43:22","0x5fc9e2028472c4419677ffab72cd81136aaf915a","0x33a539e2469c8d3421b3ff29cc7b7de1e695ebfe","","0","0","0","0.00000785","0.0298165067950567","3812.81","","","0x50a24a00",""
"0xbeb6f42a37d811090c49856c31f3f051e5badd6b23ecbb4c578cd1177d15c27d","50174102","1717253006","2024-06-01 14:43:26","0x5fc9e2028472c4419677ffab72cd81136aaf915a","0x33a539e2469c8d3421b3ff29cc7b7de1e695ebfe","","0","0","0","0.00000791","0.0300444036622801","3812.81","","","0x50a24a00",""
"0xfe3631a047e9208a2dd419ab7888395314105b617ac0543ed8337ecb7ad0584f","50174115","1717253009","2024-06-01 14:43:29","0x5fc9e2028472c4419677ffab72cd81136aaf915a","0x33a539e2469c8d3421b3ff29cc7b7de1e695ebfe","","0","0","0","0.00000789","0.0299684380398723","3812.81","","","0x50a24a00",""
"0x07abc5877f3992ff92fbaecfc3e4ec7aba8b155a915cffe10130b47b6dca8725","50174130","1717253013","2024-06-01 14:43:33","0x5fc9e2028472c4419677ffab72cd81136aaf915a","0x33a539e2469c8d3421b3ff29cc7b7de1e695ebfe","","0","0","0","0.00000788","0.0299304552286684","3812.81","","","0x50a24a00",""
"0x12289c47cb8b3844748501f83151024714ce128add3a6585ae4910d24393b556","50174143","1717253016","2024-06-01 14:43:36","0x5fc9e2028472c4419677ffab72cd81136aaf915a","0x33a539e2469c8d3421b3ff29cc7b7de1e695ebfe","","0","0","0","0.0000079","0.0300064208510762","3812.81","","","0x50a24a00",""
"0x6347d9919396c2eac3b5c80eb17122baba58710a6e51d8ac0761540f40727597","50174160","1717253021","2024-06-01 14:43:41","0x5fc9e2028472c4419677ffab72cd81136aaf915a","0x33a539e2469c8d3421b3ff29cc7b7de1e695ebfe","","0","0","0","0.0000079","0.0300064208510762","3812.81","","","0x50a24a00",""
"0x87e4ba4ba244bdbfc5709207e3e179c136ab949d92ef4647194eb7b4fe3bfb8d","50174174","1717253024","2024-06-01 14:43:44","0x5fc9e2028472c4419677ffab72cd81136aaf915a","0x33a539e2469c8d3421b3ff29cc7b7de1e695ebfe","","0","0","0","0.00000789","0.0299684380398723","3812.81","","","0x50a24a00",""
"0x183a4b960f94ec409e13be876a0fafaa856b7cafd5fda394383c81fad4b2a9eb","50174189","1717253028","2024-06-01 14:43:48","0x5fc9e2028472c4419677ffab72cd81136aaf915a","0x33a539e2469c8d3421b3ff29cc7b7de1e695ebfe","","0","0","0","0.00000792","0.030082386473484","3812.81","","","0x50a24a00",""
"0x890dc4c106a53ca8343ddeff8cd70dba3e2faf893c477788d9e9070922063645","50174206","1717253032","2024-06-01 14:43:52","0x5fc9e2028472c4419677ffab72cd81136aaf915a","0x33a539e2469c8d3421b3ff29cc7b7de1e695ebfe","","0","0","0","0.00000792","0.030082386473484","3812.81","","","0x50a24a00",""
"0x57eaad9ef1c7ec7135caecf97fcad290a0b13f00ef52fcb6289b63e115a5f12a","50174219","1717253036","2024-06-01 14:43:56","0x5fc9e2028472c4419677ffab72cd81136aaf915a","0x33a539e2469c8d3421b3ff29cc7b7de1e695ebfe","","0","0","0","0.00000789","0.0299684380398723","3812.81","","","0x50a24a00",""
"0xa6ddc9b5f7b6d6994ae4dac8246147c3d2ce3b89e213b46ef91eabb8cddcce0f","50174232","1717253040","2024-06-01 14:44:00","0x5fc9e2028472c4419677ffab72cd81136aaf915a","0x33a539e2469c8d3421b3ff29cc7b7de1e695ebfe","","0","0","0","0.00000792","0.030082386473484","3812.81","","","0x50a24a00",""
"0x5afbd8ff88c9211ba99da27b0733e8ef9787a69fcd32fe61054971ea8269fe60","50174245","1717253043","2024-06-01 14:44:03","0x5fc9e2028472c4419677ffab72cd81136aaf915a","0x33a539e2469c8d3421b3ff29cc7b7de1e695ebfe","","0","0","0","0.00000793","0.0301203692846879","3812.81","","","0x50a24a00",""
"0x7d10cc09e7d2e8505572354e6bce1ca84415aeb0ad65bbeb65f8ea570aa4c612","50174259","1717253046","2024-06-01 14:44:06","0x5fc9e2028472c4419677ffab72cd81136aaf915a","0x33a539e2469c8d3421b3ff29cc7b7de1e695ebfe","","0","0","0","0.00000791","0.0300444036622801","3812.81","","","0x50a24a00",""
"0xff0cc526c665967c28ab6a8219621004ed21f343fc2a3c0f970a93970cf05612","50174272","1717253050","2024-06-01 14:44:10","0x5fc9e2028472c4419677ffab72cd81136aaf915a","0x33a539e2469c8d3421b3ff29cc7b7de1e695ebfe","","0","0","0","0.0000079","0.0300064208510762","3812.81","","","0x50a24a00",""
"0x1ce837d1dbeefb5234b1bb92f8c474b98a4732ec3d94d1528eeb784075d09e0f","50174287","1717253054","2024-06-01 14:44:14","0x5fc9e2028472c4419677ffab72cd81136aaf915a","0x33a539e2469c8d3421b3ff29cc7b7de1e695ebfe","","0","0","0","0.00000792","0.030082386473484","3812.81","","","0x50a24a00",""
"0x64d08b85eb5321c3339f45e41e7b74e11d293d937a18450042e2bf5bbcbb9bd0","50174300","1717253058","2024-06-01 14:44:18","0x5fc9e2028472c4419677ffab72cd81136aaf915a","0x33a539e2469c8d3421b3ff29cc7b7de1e695ebfe","","0","0","0","0.00000788","0.0299304552286684","3812.81","","","0x50a24a00",""
"0xece0e3de1048fa729e47effc16faedfd93a1e3990a797d6494d03b09d80cb793","50174315","1717253061","2024-06-01 14:44:21","0x5fc9e2028472c4419677ffab72cd81136aaf915a","0x33a539e2469c8d3421b3ff29cc7b7de1e695ebfe","","0","0","0","0.0000079","0.0300064208510762","3812.81","","","0x50a24a00",""
"0xc87108b3b8c8991b3866427caeaca4057c24aeda89e4edeaf2476a44073ea6c2","50174331","1717253065","2024-06-01 14:44:25","0x5fc9e2028472c4419677ffab72cd81136aaf915a","0x33a539e2469c8d3421b3ff29cc7b7de1e695ebfe","","0","0","0","0.00000789","0.0299684380398723","3812.81","","","0x50a24a00",""
"0xd28d3044da45e149426fd9b39002986d06d2b81bce0079db37c3a593823792ab","50174345","1717253069","2024-06-01 14:44:29","0x5fc9e2028472c4419677ffab72cd81136aaf915a","0x33a539e2469c8d3421b3ff29cc7b7de1e695ebfe","","0","0","0","0.0000079","0.0300064208510762","3812.81","","","0x50a24a00",""
"0xc3300d93d5205dc8eed5e474fcb8603b2f67238c46248acd59df7167d4e249bc","50174359","1717253073","2024-06-01 14:44:33","0x5fc9e2028472c4419677ffab72cd81136aaf915a","0x33a539e2469c8d3421b3ff29cc7b7de1e695ebfe","","0","0","0","0.00000794","0.0301583520958918","3812.81","","","0x50a24a00",""
"0xd1b5715b1af682ece4f9995defb211e87f69034795b6b85c2fd7ef6103d18be6","50174371","1717253077","2024-06-01 14:44:37","0x5fc9e2028472c4419677ffab72cd81136aaf915a","0x33a539e2469c8d3421b3ff29cc7b7de1e695ebfe","","0","0","0","0.0000079","0.0300064208510762","3812.81","","","0x50a24a00",""
"0x8e52518ce18ea0e9c3323917ada3c6c21b29db1202596d233145faaa718278bb","50174384","1717253080","2024-06-01 14:44:40","0x5fc9e2028472c4419677ffab72cd81136aaf915a","0x33a539e2469c8d3421b3ff29cc7b7de1e695ebfe","","0","0","0","0.0000079","0.0300064208510762","3812.81","","","0x50a24a00",""
"0xb8312928a86eeabd9533f1ee873058df71965a02cf3b06a620f252f33405cc45","50174399","1717253084","2024-06-01 14:44:44","0x5fc9e2028472c4419677ffab72cd81136aaf915a","0x33a539e2469c8d3421b3ff29cc7b7de1e695ebfe","","0","0","0","0.0000079","0.0300064208510762","3812.81","","","0x50a24a00",""
"0x7acba1eee009db9277ac5834861b697ae60c76228db093cbfd8c58e0fb9ee79f","50174414","1717253088","2024-06-01 14:44:48","0x5fc9e2028472c4419677ffab72cd81136aaf915a","0x33a539e2469c8d3421b3ff29cc7b7de1e695ebfe","","0","0","0","0.00000791","0.0300444036622801","3812.81","","","0x50a24a00",""
"0x98e2bbc476874cfbec236093d84ed2b10488865db341cd1169d3a2b9877e002e","50174429","1717253092","2024-06-01 14:44:52","0x5fc9e2028472c4419677ffab72cd81136aaf915a","0x33a539e2469c8d3421b3ff29cc7b7de1e695ebfe","","0","0","0","0.0000079","0.0300064208510762","3812.81","","","0x50a24a00",""
"0x2cbf1e15ca3bb03e27e8df40eb381c462c8535eef7fa507edc49c462f0a5c19b","50174446","1717253096","2024-06-01 14:44:56","0x5fc9e2028472c4419677ffab72cd81136aaf915a","0x33a539e2469c8d3421b3ff29cc7b7de1e695ebfe","","0","0","0","0.0000079","0.0300064208510762","3812.81","","","0x50a24a00",""
"0xded946b999f7c7bb83efb9dfafeb7de0008173291082feed5b4564eccb193e19","50174460","1717253100","2024-06-01 14:45:00","0x5fc9e2028472c4419677ffab72cd81136aaf915a","0x33a539e2469c8d3421b3ff29cc7b7de1e695ebfe","","0","0","0","0.00000792","0.030082386473484","3812.81","","","0x50a24a00",""
"0x7201660534089403d358cbb9258cc1b887dea0b304853fb55bf5c67165c5ac7d","50174474","1717253104","2024-06-01 14:45:04","0x5fc9e2028472c4419677ffab72cd81136aaf915a","0x33a539e2469c8d3421b3ff29cc7b7de1e695ebfe","","0","0","0","0.00000793","0.0301203692846879","3812.81","","","0x50a24a00",""
"0x801d5e291651ba3e44d6841b0e498879411219cd678b6e8c8f2bc48395fa1db2","50174487","1717253107","2024-06-01 14:45:07","0x5fc9e2028472c4419677ffab72cd81136aaf915a","0x33a539e2469c8d3421b3ff29cc7b7de1e695ebfe","","0","0","0","0.00000792","0.030082386473484","3812.81","","","0x50a24a00",""
"0xea5754f58cfc646cf732691fcd2ae16ef3273bc2df9451130111113da77f97a0","50174502","1717253111","2024-06-01 14:45:11","0x5fc9e2028472c4419677ffab72cd81136aaf915a","0x33a539e2469c8d3421b3ff29cc7b7de1e695ebfe","","0","0","0","0.00000787","0.0298924724174645","3812.81","","","0x50a24a00",""
"0x92d3c3dd936a29e0d1206953e6ca00dd67a6e6a0cb595cedc43a8b9b09e07189","50174517","1717253115","2024-06-01 14:45:15","0x5fc9e2028472c4419677ffab72cd81136aaf915a","0x33a539e2469c8d3421b3ff29cc7b7de1e695ebfe","","0","0","0","0.00000789","0.0299684380398723","3812.81","","","0x50a24a00",""
"0x2b9112c8d6aa898e0005630aedd7fb0f93ae1e748283b2d5237efc978c22484c","50174530","1717253118","2024-06-01 14:45:18","0x5fc9e2028472c4419677ffab72cd81136aaf915a","0x33a539e2469c8d3421b3ff29cc7b7de1e695ebfe","","0","0","0","0.00000787","0.0298924724174645","3812.81","","","0x50a24a00",""
"0xe8b54b75b6d41590d8fc5208bd7e1019560ef41d5b7bf67b9770a73a8e6cf4f2","50174546","1717253123","2024-06-01 14:45:23","0x5fc9e2028472c4419677ffab72cd81136aaf915a","0x33a539e2469c8d3421b3ff29cc7b7de1e695ebfe","","0","0","0","0.00000789","0.0299684380398723","3812.81","","","0x50a24a00",""
"0xaaa2f2e23b4676f055ab3041056b7b5b52362f657e04bb043765172328f68f74","50174560","1717253126","2024-06-01 14:45:26","0x5fc9e2028472c4419677ffab72cd81136aaf915a","0x33a539e2469c8d3421b3ff29cc7b7de1e695ebfe","","0","0","0","0.00000793","0.0301203692846879","3812.81","","","0x50a24a00",""
"0xfb9bc478e48187d86ba16aa644b06e9d8d7266bfd57553f7f83af9ca7104dc08","50174575","1717253130","2024-06-01 14:45:30","0x5fc9e2028472c4419677ffab72cd81136aaf915a","0x33a539e2469c8d3421b3ff29cc7b7de1e695ebfe","","0","0","0","0.00000789","0.0299684380398723","3812.81","","","0x50a24a00",""
"0xeff0d440f0297c59a46a5a3917558981cb2bd8d239c9161d993f11b322379523","50174590","1717253134","2024-06-01 14:45:34","0x5fc9e2028472c4419677ffab72cd81136aaf915a","0x33a539e2469c8d3421b3ff29cc7b7de1e695ebfe","","0","0","0","0.00000793","0.0301203692846879","3812.81","","","0x50a24a00",""
"0xfb796d89fd5ca35ea3f2dd49da06a13719123751d39aae7c9dae842479aebd4c","50174605","1717253137","2024-06-01 14:45:37","0x5fc9e2028472c4419677ffab72cd81136aaf915a","0x33a539e2469c8d3421b3ff29cc7b7de1e695ebfe","","0","0","0","0.00000793","0.0301203692846879","3812.81","","","0x50a24a00",""
"0x56fc82add60a3f68434cb765276574a0bd4d161f4c4196056888fcfb2b340a91","50174623","1717253142","2024-06-01 14:45:42","0x5fc9e2028472c4419677ffab72cd81136aaf915a","0x33a539e2469c8d3421b3ff29cc7b7de1e695ebfe","","0","0","0","0.00000794","0.0301583520958918","3812.81","","","0x50a24a00",""
"0x4b23ee88895e451723d66a6e0a38d815676cb7e14ee59a91885a57dfcf5d2ab7","50174641","1717253146","2024-06-01 14:45:46","0x5fc9e2028472c4419677ffab72cd81136aaf915a","0x33a539e2469c8d3421b3ff29cc7b7de1e695ebfe","","0","0","0","0.00000792","0.030082386473484","3812.81","","","0x50a24a00",""
"0xd1cdf3aae73cabeb3da2c84d0eabb524a730d1276b91564d668a048c00f7bf8c","50174655","1717253150","2024-06-01 14:45:50","0x5fc9e2028472c4419677ffab72cd81136aaf915a","0x33a539e2469c8d3421b3ff29cc7b7de1e695ebfe","","0","0","0","0.00000791","0.0300444036622801","3812.81","","","0x50a24a00",""
"0xf863eda4123128fff6f4cea78e6557af986471c493d4dd1fcdd95426c54da7f8","50174670","1717253154","2024-06-01 14:45:54","0x5fc9e2028472c4419677ffab72cd81136aaf915a","0x33a539e2469c8d3421b3ff29cc7b7de1e695ebfe","","0","0","0","0.00000789","0.0299684380398723","3812.81","","","0x50a24a00",""
"0xb874ad10edb8828d6603babeb6c027afe926a14178913b8774e39ece2c556c27","50174686","1717253158","2024-06-01 14:45:58","0x5fc9e2028472c4419677ffab72cd81136aaf915a","0x33a539e2469c8d3421b3ff29cc7b7de1e695ebfe","","0","0","0","0.00000784","0.0297785239838528","3812.81","","","0x50a24a00",""
"0xec4934281a0dfc4b5000cbe1e09a7150386a1a6991d4d174d2b38c53b7c08c0c","50174699","1717253162","2024-06-01 14:46:02","0x5fc9e2028472c4419677ffab72cd81136aaf915a","0x33a539e2469c8d3421b3ff29cc7b7de1e695ebfe","","0","0","0","0.00000789","0.0299684380398723","3812.81","","","0x50a24a00",""
"0x2c03d3094ea9a1230af118a22371a5a29b22a3fbfb989bebf62505bce529ae98","50174715","1717253166","2024-06-01 14:46:06","0x5fc9e2028472c4419677ffab72cd81136aaf915a","0x33a539e2469c8d3421b3ff29cc7b7de1e695ebfe","","0","0","0","0.0000079","0.0300064208510762","3812.81","","","0x50a24a00",""
"0xefe299d092473e3541471e4e836de8baaddfd6dd769491475624943bdfd70c5c","50174732","1717253170","2024-06-01 14:46:10","0x5fc9e2028472c4419677ffab72cd81136aaf915a","0x33a539e2469c8d3421b3ff29cc7b7de1e695ebfe","","0","0","0","0.00000791","0.0300444036622801","3812.81","","","0x50a24a00",""
"0x461874363228d55d8129bd0509be035aeddf361d1d72a657afb42aa678ad98cc","50174753","1717253175","2024-06-01 14:46:15","0x5fc9e2028472c4419677ffab72cd81136aaf915a","0x33a539e2469c8d3421b3ff29cc7b7de1e695ebfe","","0","0","0","0.00000789","0.0299684380398723","3812.81","","","0x50a24a00",""
"0x82755fa1b747fe42f37cf1eaa7d0a8e86c77cf6b0aee017aa63e3ef48a3e618f","50174771","1717253180","2024-06-01 14:46:20","0x5fc9e2028472c4419677ffab72cd81136aaf915a","0x33a539e2469c8d3421b3ff29cc7b7de1e695ebfe","","0","0","0","0.00000792","0.030082386473484","3812.81","","","0x50a24a00",""
"0xf2a0cd6535d5b0d57cc274ac78eadb98b19df880f242f24415f8fa6a8e9705b8","50174786","1717253184","2024-06-01 14:46:24","0x5fc9e2028472c4419677ffab72cd81136aaf915a","0x33a539e2469c8d3421b3ff29cc7b7de1e695ebfe","","0","0","0","0.00000787","0.0298924724174645","3812.81","","","0x50a24a00",""
"0xec19376f6f36477baa3cc8f253ab5cbd7d373898c89264761795232b4ae7b1e2","50174801","1717253188","2024-06-01 14:46:28","0x5fc9e2028472c4419677ffab72cd81136aaf915a","0x33a539e2469c8d3421b3ff29cc7b7de1e695ebfe","","0","0","0","0.0000079","0.0300064208510762","3812.81","","","0x50a24a00",""
"0xd6577eab351debfd089e4bfb6eccc7b27ec1db9411730ea948e1199b58c9f4c1","50174815","1717253191","2024-06-01 14:46:31","0x5fc9e2028472c4419677ffab72cd81136aaf915a","0x33a539e2469c8d3421b3ff29cc7b7de1e695ebfe","","0","0","0","0.0000079","0.0300064208510762","3812.81","","","0x50a24a00",""
"0x6f32ecf5f67be03babdfa9fe15d991b291f27c216c27ff210bec3c0fce00329a","50174830","1717253195","2024-06-01 14:46:35","0x5fc9e2028472c4419677ffab72cd81136aaf915a","0x33a539e2469c8d3421b3ff29cc7b7de1e695ebfe","","0","0","0","0.00000788","0.0299304552286684","3812.81","","","0x50a24a00",""
"0xad9c6609b8389b7aa9d4d7793c8bae47a7ab7a22f845e5f95e057ba2713584d8","50174844","1717253199","2024-06-01 14:46:39","0x5fc9e2028472c4419677ffab72cd81136aaf915a","0x33a539e2469c8d3421b3ff29cc7b7de1e695ebfe","","0","0","0","0.00000791","0.0300444036622801","3812.81","","","0x50a24a00",""
"0x311641da9097ef7534c9436ba9e8f1cff2d7c0b287fdd3981f2ab7ff6b97779d","50174859","1717253203","2024-06-01 14:46:43","0x5fc9e2028472c4419677ffab72cd81136aaf915a","0x33a539e2469c8d3421b3ff29cc7b7de1e695ebfe","","0","0","0","0.00000788","0.0299304552286684","3812.81","","","0x50a24a00",""
"0xd382fe5b20a5af3cd23ecab3a9d0f9a6adb3f02f11f982056d9c19d2ac14dce0","50174874","1717253206","2024-06-01 14:46:46","0x5fc9e2028472c4419677ffab72cd81136aaf915a","0x33a539e2469c8d3421b3ff29cc7b7de1e695ebfe","","0","0","0","0.00000794","0.0301583520958918","3812.81","","","0x50a24a00",""
"0x2e39fcf00ca59126bf3a517d32f3bdb1270407d1cf2e83538a1b37e4dc42960b","50174888","1717253210","2024-06-01 14:46:50","0x5fc9e2028472c4419677ffab72cd81136aaf915a","0x33a539e2469c8d3421b3ff29cc7b7de1e695ebfe","","0","0","0","0.00000788","0.0299304552286684","3812.81","","","0x50a24a00",""
"0x3c67a93e5e99a5b8383cc3cebd972b5a2d3181028c278750a750c785913d2fc0","50174903","1717253214","2024-06-01 14:46:54","0x5fc9e2028472c4419677ffab72cd81136aaf915a","0x33a539e2469c8d3421b3ff29cc7b7de1e695ebfe","","0","0","0","0.00000792","0.030082386473484","3812.81","","","0x50a24a00",""
"0x7103787b2b2956e35005e58bac08ed2f84cd46d8ea86dfdcbd137bc7a9a1e709","50174918","1717253218","2024-06-01 14:46:58","0x5fc9e2028472c4419677ffab72cd81136aaf915a","0x33a539e2469c8d3421b3ff29cc7b7de1e695ebfe","","0","0","0","0.00000787","0.0298924724174645","3812.81","","","0x50a24a00",""
"0x3a30d44282d1e9b517513be7660af97812d92217d32788252a6bada2ead2a03d","50174936","1717253222","2024-06-01 14:47:02","0x5fc9e2028472c4419677ffab72cd81136aaf915a","0x33a539e2469c8d3421b3ff29cc7b7de1e695ebfe","","0","0","0","0.00000787","0.0298924724174645","3812.81","","","0x50a24a00",""
"0xc48606d945fa0af83ede40dc2e4cfff5afac9fc1a9a422a8a424a1a168ff9407","50174951","1717253226","2024-06-01 14:47:06","0x5fc9e2028472c4419677ffab72cd81136aaf915a","0x33a539e2469c8d3421b3ff29cc7b7de1e695ebfe","","0","0","0","0.00000788","0.0299304552286684","3812.81","","","0x50a24a00",""
"0x0a4f19a8efc098730d02ec58e09a84f5b76c5fee79ed0f15a13bd7e70342a763","50174965","1717253230","2024-06-01 14:47:10","0x5fc9e2028472c4419677ffab72cd81136aaf915a","0x33a539e2469c8d3421b3ff29cc7b7de1e695ebfe","","0","0","0","0.00000789","0.0299684380398723","3812.81","","","0x50a24a00",""
"0x4add54dc6d3d08939353a6d02d6b315443f9d4f13697c44de56c88bd4b06f77d","50174978","1717253233","2024-06-01 14:47:13","0x5fc9e2028472c4419677ffab72cd81136aaf915a","0x33a539e2469c8d3421b3ff29cc7b7de1e695ebfe","","0","0","0","0.00000791","0.0300444036622801","3812.81","","","0x50a24a00",""
"0x7d4536b790347bb1a01adb2e800949956c4feb4162f409cbe68f07b744b888df","50174994","1717253237","2024-06-01 14:47:17","0x5fc9e2028472c4419677ffab72cd81136aaf915a","0x33a539e2469c8d3421b3ff29cc7b7de1e695ebfe","","0","0","0","0.00000789","0.0299684380398723","3812.81","","","0x50a24a00",""
"0x6bba658e6ac10d174673c28e3732524192c211c1bde81e8c8dd9a96ce944a066","50175008","1717253241","2024-06-01 14:47:21","0x5fc9e2028472c4419677ffab72cd81136aaf915a","0x33a539e2469c8d3421b3ff29cc7b7de1e695ebfe","","0","0","0","0.00000789","0.0299684380398723","3812.81","","","0x50a24a00",""
"0x39744c1bc4581fa8376bd1938e992e01ade0855170a8bf0150a6a707459db0ca","50175022","1717253244","2024-06-01 14:47:24","0x5fc9e2028472c4419677ffab72cd81136aaf915a","0x33a539e2469c8d3421b3ff29cc7b7de1e695ebfe","","0","0","0","0.0000079","0.0300064208510762","3812.81","","","0x50a24a00",""
"0x9f1330500596fc8649e0a7f6730a456990b6f1ee1c0a6c5320580c024229aae3","50175039","1717253249","2024-06-01 14:47:29","0x5fc9e2028472c4419677ffab72cd81136aaf915a","0x33a539e2469c8d3421b3ff29cc7b7de1e695ebfe","","0","0","0","0.00000789","0.0299684380398723","3812.81","","","0x50a24a00",""
"0xd5e4e6d854011000cad251c24e643dae9fe547bd0f1e25e2e8a1f3a5f900f99f","50175053","1717253252","2024-06-01 14:47:32","0x5fc9e2028472c4419677ffab72cd81136aaf915a","0x33a539e2469c8d3421b3ff29cc7b7de1e695ebfe","","0","0","0","0.00000793","0.0301203692846879","3812.81","","","0x50a24a00",""
"0x5b6ed4b766a665e49d09022791ae83c38e9b6f07a0d76835fbe97b714b66fc50","50175067","1717253256","2024-06-01 14:47:36","0x5fc9e2028472c4419677ffab72cd81136aaf915a","0x33a539e2469c8d3421b3ff29cc7b7de1e695ebfe","","0","0","0","0.00000792","0.030082386473484","3812.81","","","0x50a24a00",""
"0x9468cbf9886a66e04792702f49a584dc68a698d7c9a6fb049962136e127a352d","50175081","1717253260","2024-06-01 14:47:40","0x5fc9e2028472c4419677ffab72cd81136aaf915a","0x33a539e2469c8d3421b3ff29cc7b7de1e695ebfe","","0","0","0","0.00000787","0.0298924724174645","3812.81","","","0x50a24a00",""
"0xf86ad335ceaa5b658073c7326d0e5429c94b61acef1ca3d0bc004362bb0afcb9","50175096","1717253264","2024-06-01 14:47:44","0x5fc9e2028472c4419677ffab72cd81136aaf915a","0x33a539e2469c8d3421b3ff29cc7b7de1e695ebfe","","0","0","0","0.00000791","0.0300444036622801","3812.81","","","0x50a24a00",""
"0x9e0be462ce85a1dffa304d5d864911c5df5263dfec7966531e2ef4a38685555b","50175109","1717253268","2024-06-01 14:47:48","0x5fc9e2028472c4419677ffab72cd81136aaf915a","0x33a539e2469c8d3421b3ff29cc7b7de1e695ebfe","","0","0","0","0.00000789","0.0299684380398723","3812.81","","","0x50a24a00",""
"0x212d2e1800a79ec0e219cf1875d5c9f5e6caf97fe9ba2691fa97a1aecbe6b491","50175126","1717253272","2024-06-01 14:47:52","0x5fc9e2028472c4419677ffab72cd81136aaf915a","0x33a539e2469c8d3421b3ff29cc7b7de1e695ebfe","","0","0","0","0.00000788","0.0299304552286684","3812.81","","","0x50a24a00",""
"0xb286d411c36704d00f261569e4b74068ee60a56a2bb37319aa8878ddc5dd6080","50175140","1717253276","2024-06-01 14:47:56","0x5fc9e2028472c4419677ffab72cd81136aaf915a","0x33a539e2469c8d3421b3ff29cc7b7de1e695ebfe","","0","0","0","0.0000079","0.0300064208510762","3812.81","","","0x50a24a00",""
"0xa8c0a4f20b1e888178246dd2ce2e7f7548b3dcb53d6c47f34c9b33458e112dde","50175155","1717253280","2024-06-01 14:48:00","0x5fc9e2028472c4419677ffab72cd81136aaf915a","0x33a539e2469c8d3421b3ff29cc7b7de1e695ebfe","","0","0","0","0.0000079","0.0300064208510762","3812.81","","","0x50a24a00",""
"0xbe853f6ed1e4e4a47d02e4f988ad8cb361a66e850a23b1d2248140b844c1b3b8","50175171","1717253284","2024-06-01 14:48:04","0x5fc9e2028472c4419677ffab72cd81136aaf915a","0x33a539e2469c8d3421b3ff29cc7b7de1e695ebfe","","0","0","0","0.00000788","0.0299304552286684","3812.81","","","0x50a24a00",""
"0xa719479e3207f8f2df70d44a3d222e00c7086f878294fd6fe9a98e0d07dc71d1","50175186","1717253288","2024-06-01 14:48:08","0x5fc9e2028472c4419677ffab72cd81136aaf915a","0x33a539e2469c8d3421b3ff29cc7b7de1e695ebfe","","0","0","0","0.00000787","0.0298924724174645","3812.81","","","0x50a24a00",""
"0xad7465539a30fb2b69fa76ed7804641697c8c50e2233221755c1884756c5b472","50175201","1717253292","2024-06-01 14:48:12","0x5fc9e2028472c4419677ffab72cd81136aaf915a","0x33a539e2469c8d3421b3ff29cc7b7de1e695ebfe","","0","0","0","0.00000792","0.030082386473484","3812.81","","","0x50a24a00",""
"0x1ff3580b4d8dc3372da86498bacacf3bad7a16efbac20bb3d352564e07157425","50175216","1717253295","2024-06-01 14:48:15","0x5fc9e2028472c4419677ffab72cd81136aaf915a","0x33a539e2469c8d3421b3ff29cc7b7de1e695ebfe","","0","0","0","0.00000791","0.0300444036622801","3812.81","","","0x50a24a00",""
"0xbcbbfb2b27ea684e7ed8d64963ee347cf81fd13866f1af018294eaf79f2b3e31","50175231","1717253299","2024-06-01 14:48:19","0x5fc9e2028472c4419677ffab72cd81136aaf915a","0x33a539e2469c8d3421b3ff29cc7b7de1e695ebfe","","0","0","0","0.00000788","0.0299304552286684","3812.81","","","0x50a24a00",""
"0x30516416cfbf51fcc27c2ac2c8accdecc768492e29e6f8ce60c8270601878920","50175245","1717253303","2024-06-01 14:48:23","0x5fc9e2028472c4419677ffab72cd81136aaf915a","0x33a539e2469c8d3421b3ff29cc7b7de1e695ebfe","","0","0","0","0.00000791","0.0300444036622801","3812.81","","","0x50a24a00",""
"0x085b628ce5a15a8da93c39c2031d2258376e99d8febb34290153038ee3eddb46","50175258","1717253307","2024-06-01 14:48:27","0x5fc9e2028472c4419677ffab72cd81136aaf915a","0x33a539e2469c8d3421b3ff29cc7b7de1e695ebfe","","0","0","0","0.00000789","0.0299684380398723","3812.81","","","0x50a24a00",""
"0x98c46a767af41e94ca55350fd277a80e7459a2beba0bc52897ada9f213fbfdd4","50175276","1717253311","2024-06-01 14:48:31","0x5fc9e2028472c4419677ffab72cd81136aaf915a","0x33a539e2469c8d3421b3ff29cc7b7de1e695ebfe","","0","0","0","0.0000079","0.0300064208510762","3812.81","","","0x50a24a00",""
"0xc0fff51021baf2fafc4809efc1a47bad50610bd7872e41fcc4947c66e2ac3e39","50175290","1717253315","2024-06-01 14:48:35","0x5fc9e2028472c4419677ffab72cd81136aaf915a","0x33a539e2469c8d3421b3ff29cc7b7de1e695ebfe","","0","0","0","0.00000792","0.030082386473484","3812.81","","","0x50a24a00",""
"0xa7b9b73b791d342a555a95f607f44fed9655006ed284fa4e05785af13476de0e","50175303","1717253318","2024-06-01 14:48:38","0x5fc9e2028472c4419677ffab72cd81136aaf915a","0x33a539e2469c8d3421b3ff29cc7b7de1e695ebfe","","0","0","0","0.00000789","0.0299684380398723","3812.81","","","0x50a24a00",""
"0x5332c391f39e63df2a2ed8d6a717e77e405cf0e541049b1dc96eaaaecedd017b","50175320","1717253322","2024-06-01 14:48:42","0x5fc9e2028472c4419677ffab72cd81136aaf915a","0x33a539e2469c8d3421b3ff29cc7b7de1e695ebfe","","0","0","0","0.00000789","0.0299684380398723","3812.81","","","0x50a24a00",""
"0xb8ebf0585520b5ff98d92e91f95086598b8ccc7b96f42e97cca50883808be96f","50175336","1717253327","2024-06-01 14:48:47","0x5fc9e2028472c4419677ffab72cd81136aaf915a","0x33a539e2469c8d3421b3ff29cc7b7de1e695ebfe","","0","0","0","0.00000794","0.0301583520958918","3812.81","","","0x50a24a00",""
"0x9ed09bc12179507079b3caf8afeb4bb0fdd687cbbf12ca9f75518276789c869c","50175352","1717253331","2024-06-01 14:48:51","0x5fc9e2028472c4419677ffab72cd81136aaf915a","0x33a539e2469c8d3421b3ff29cc7b7de1e695ebfe","","0","0","0","0.0000079","0.0300064208510762","3812.81","","","0x50a24a00",""
"0x0bb6c0570f2800a8eafc421b456eb6fd5a32843945111a816d22b26c093e29d2","50175367","1717253335","2024-06-01 14:48:55","0x5fc9e2028472c4419677ffab72cd81136aaf915a","0x33a539e2469c8d3421b3ff29cc7b7de1e695ebfe","","0","0","0","0.00000789","0.0299684380398723","3812.81","","","0x50a24a00",""
"0xc1664a2591ff736f89b6ab9926e030395598d5e3a4b260b1b019d297adc5f7e8","50175380","1717253338","2024-06-01 14:48:58","0x5fc9e2028472c4419677ffab72cd81136aaf915a","0x33a539e2469c8d3421b3ff29cc7b7de1e695ebfe","","0","0","0","0.00000791","0.0300444036622801","3812.81","","","0x50a24a00",""