"Txhash","Blockno","UnixTimestamp","DateTime","From","To","ContractAddress","Value_IN(ETH)","Value_OUT(ETH)","CurrentValue @ $3795.76042546019/ETH","TxnFee(ETH)","TxnFee(USD)","Historical $Price/ETH","Status","ErrCode","Method"
"0x0be01443840301c5d9e5adf375a493a72ee6543e91bc4d87e853bb8b0243f062","50464813","1717329285","2024-06-02 11:54:45","0x77d39851630069f55e4caacc1db793c7973e7876","0x33a539e2469c8d3421b3ff29cc7b7de1e695ebfe","","0","0","0","0.0000545395","0.21000816000344","","","","0xd0847fae",""
"0x09e70c360ce146d370fc39f647d7890c942f9931e94a83f7deed3cae0e185100","50464757","1717329271","2024-06-02 11:54:31","0x77d39851630069f55e4caacc1db793c7973e7876","0x33a539e2469c8d3421b3ff29cc7b7de1e695ebfe","","0","0","0","0.00004599","0.174567021966914","","","","0xceaa3182",""
"0x0be01443840301c5d9e5adf375a493a72ee6543e91bc4d87e853bb8b0243f062","50464813","1717329285","2024-06-02 11:54:45","0x77d39851630069f55e4caacc1db793c7973e7876","0x33a539e2469c8d3421b3ff29cc7b7de1e695ebfe","","0","0","0","0.00005453","0.206982816000344","","","","0xd0847fae",""
"0x9a8266049bd20392135d8702e9f408aedda4e9f0bd29e59c4efe6aa8212e89cd","50464819","1717329287","2024-06-02 11:54:47","0x77d39851630069f55e4caacc1db793c7973e7876","0x33a539e2469c8d3421b3ff29cc7b7de1e695ebfe","","0","0","0","0.00004623","0.175478004469025","","","","0xceaa3182",""
"0x3dacace14dc258295917aa5d032d29e1963df51267eb3f0a993b0f3236d2cd41","50464872","1717329300","2024-06-02 11:55:00","0x77d39851630069f55e4caacc1db793c7973e7876","0x33a539e2469c8d3421b3ff29cc7b7de1e695ebfe","","0","0","0","0.00005477","0.207893798502455","","","","0xd0847fae",""
"0xaa94d5b2033c5382d1f125212304390a935c1255dfcd124a751391e70d065062","50464879","1717329302","2024-06-02 11:55:02","0x77d39851630069f55e4caacc1db793c7973e7876","0x33a539e2469c8d3421b3ff29cc7b7de1e695ebfe","","0","0","0","0.00004623","0.175478004469025","","","","0xceaa3182",""
"0xec16ff0f319b7cd0acd5a530f04e14ba7f90405378c5587ce4b3029dedc6d5ae","50464935","1717329317","2024-06-02 11:55:17","0x77d39851630069f55e4caacc1db793c7973e7876","0x33a539e2469c8d3421b3ff29cc7b7de1e695ebfe","","0","0","0","0.00005477","0.207893798502455","","","","0xd0847fae",""
"0x475c5933582f1ae2f9825a8d73d9e66f397776d6121b97b66d6753dd78a815fc","50464943","1717329319","2024-06-02 11:55:19","0x77d39851630069f55e4caacc1db793c7973e7876","0x33a539e2469c8d3421b3ff29cc7b7de1e695ebfe","","0","0","0","0.00004623","0.175478004469025","","","","0xceaa3182",""
"0x8541a5f910fc2b19d9ed84c42595d55d6c0115552003dab36f97d71ff33b9bd8","50464993","1717329332","2024-06-02 11:55:32","0x77d39851630069f55e4caacc1db793c7973e7876","0x33a539e2469c8d3421b3ff29cc7b7de1e695ebfe","","0","0","0","0.00005477","0.207893798502455","","","","0xd0847fae",""
"0x356086d39348c352cadeb0b12ec78cb51935e1868587d858a571d06edb30c2e6","50465001","1717329334","2024-06-02 11:55:34","0x77d39851630069f55e4caacc1db793c7973e7876","0x33a539e2469c8d3421b3ff29cc7b7de1e695ebfe","","0","0","0","0.00004623","0.175478004469025","","","","0xceaa3182",""
"0xc22342f67c4af80572ccebec00dc852c834123d98f207b39df2de8f8e311c657","50465057","1717329348","2024-06-02 11:55:48","0x77d39851630069f55e4caacc1db793c7973e7876","0x33a539e2469c8d3421b3ff29cc7b7de1e695ebfe","","0","0","0","0.00005477","0.207893798502455","","","","0xd0847fae",""
"0x5d0e6379b6c59fedb242f677cc33fd178c41e8d38354e8e3f98b2ceb47b2ce8e","50465065","1717329350","2024-06-02 11:55:50","0x77d39851630069f55e4caacc1db793c7973e7876","0x33a539e2469c8d3421b3ff29cc7b7de1e695ebfe","","0","0","0","0.00004623","0.175478004469025","","","","0xceaa3182",""
"0x01d03f697e510786588b45aa858ae41fbaf1ffe1616fd402f07f467bb05ba3c8","50465118","1717329363","2024-06-02 11:56:03","0x77d39851630069f55e4caacc1db793c7973e7876","0x33a539e2469c8d3421b3ff29cc7b7de1e695ebfe","","0","0","0","0.00005477","0.207893798502455","","","","0xd0847fae",""
"0xcc38b59197daf1bf80ca04550319ad80661ac5f5c6f03e01164a3cae8a9b85c9","50465126","1717329365","2024-06-02 11:56:05","0x77d39851630069f55e4caacc1db793c7973e7876","0x33a539e2469c8d3421b3ff29cc7b7de1e695ebfe","","0","0","0","0.00004623","0.175478004469025","","","","0xceaa3182",""
"0x4b2677d31ec8d1d6288a1135cfbde7fb596e512141ef1795428ba96817c38b4b","50465181","1717329379","2024-06-02 11:56:19","0x77d39851630069f55e4caacc1db793c7973e7876","0x33a539e2469c8d3421b3ff29cc7b7de1e695ebfe","","0","0","0","0.00005477","0.207893798502455","","","","0xd0847fae",""
"0x312c7793472ae62523c81a73d99c22c874315cf7bfae5950c7a5eb34fe1e165e","50465188","1717329381","2024-06-02 11:56:21","0x77d39851630069f55e4caacc1db793c7973e7876","0x33a539e2469c8d3421b3ff29cc7b7de1e695ebfe","","0","0","0","0.00004623","0.175478004469025","","","","0xceaa3182",""
"0x12945e7a2ac81d8ab3f2c230ff30fd712596207d490f0afd960b49304f675d26","50465243","1717329395","2024-06-02 11:56:35","0x77d39851630069f55e4caacc1db793c7973e7876","0x33a539e2469c8d3421b3ff29cc7b7de1e695ebfe","","0","0","0","0.00005477","0.207893798502455","","","","0xd0847fae",""
"0x4b4e6d3a7ba80b78f5a6cde8b28f499cdcc83d92f3f771c2b7ba97380dd31433","50465252","1717329398","2024-06-02 11:56:38","0x77d39851630069f55e4caacc1db793c7973e7876","0x33a539e2469c8d3421b3ff29cc7b7de1e695ebfe","","0","0","0","0.00004623","0.175478004469025","","","","0xceaa3182",""
"0x57272287defdb2f54ac10e84b7426308532561491093cbe5d65e6b86307771ee","50465302","1717329411","2024-06-02 11:56:51","0x77d39851630069f55e4caacc1db793c7973e7876","0x33a539e2469c8d3421b3ff29cc7b7de1e695ebfe","","0","0","0","0.00005453","0.206982816000344","","","","0xd0847fae",""
"0xc055e369cd5629d394c36b632fce72b60a2a31c6c1a9d7980aabf5fd9943415e","50465310","1717329413","2024-06-02 11:56:53","0x77d39851630069f55e4caacc1db793c7973e7876","0x33a539e2469c8d3421b3ff29cc7b7de1e695ebfe","","0","0","0","0.00004623","0.175478004469025","","","","0xceaa3182",""
"0x1f2620b0e6e32befb693d1671607151e3bf0560d346c61810998ebc2b5dd8bb7","50465362","1717329426","2024-06-02 11:57:06","0x77d39851630069f55e4caacc1db793c7973e7876","0x33a539e2469c8d3421b3ff29cc7b7de1e695ebfe","","0","0","0","0.00005477","0.207893798502455","","","","0xd0847fae",""
"0x302b1affc382c1fb17c178d4042911f2f3412788f5ee808483cd4f520c6d6695","50465369","1717329428","2024-06-02 11:57:08","0x77d39851630069f55e4caacc1db793c7973e7876","0x33a539e2469c8d3421b3ff29cc7b7de1e695ebfe","","0","0","0","0.00004623","0.175478004469025","","","","0xceaa3182",""
"0x237966f368fc9f82fd57805d0c0412e02405b209a1c8f4b196de26d1ccb52024","50465437","1717329443","2024-06-02 11:57:23","0x77d39851630069f55e4caacc1db793c7973e7876","0x33a539e2469c8d3421b3ff29cc7b7de1e695ebfe","","0","0","0","0.00001535","0.0582649225308139","","","","0xd0847fae",""
"0x37a44ca2ac94482302edcef8534335610d96299b16aa650ac3f140fd2142419b","50465445","1717329445","2024-06-02 11:57:25","0x77d39851630069f55e4caacc1db793c7973e7876","0x33a539e2469c8d3421b3ff29cc7b7de1e695ebfe","","0","0","0","0.00001273","0.0483200302161082","","","","0xceaa3182",""
"0x69feea5efa6d14a4c281283a5763bad2e51f0eacfead0c649cfdbcc6f0451873","50465492","1717329458","2024-06-02 11:57:38","0x77d39851630069f55e4caacc1db793c7973e7876","0x33a539e2469c8d3421b3ff29cc7b7de1e695ebfe","","0","0","0","0.00001535","0.0582649225308139","","","","0xd0847fae",""
"0xebe81ba738e9568ae04e771336824104c316e217a53d48a6d10616b288515534","50465499","1717329459","2024-06-02 11:57:39","0x77d39851630069f55e4caacc1db793c7973e7876","0x33a539e2469c8d3421b3ff29cc7b7de1e695ebfe","","0","0","0","0.00001273","0.0483200302161082","","","","0xceaa3182",""
"0xe3b8927a84a6302d0f667e977c2d59f30794894607c8996374e3f4b6c1641f0c","50465549","1717329472","2024-06-02 11:57:52","0x77d39851630069f55e4caacc1db793c7973e7876","0x33a539e2469c8d3421b3ff29cc7b7de1e695ebfe","","0","0","0","0.00001535","0.0582649225308139","","","","0xd0847fae",""
"0x5c2ae16785f842f46d9dbd78dfcf2993250378fb78ccbe9380c22fe1064b9ccd","50465556","1717329474","2024-06-02 11:57:54","0x77d39851630069f55e4caacc1db793c7973e7876","0x33a539e2469c8d3421b3ff29cc7b7de1e695ebfe","","0","0","0","0.00001273","0.0483200302161082","","","","0xceaa3182",""
"0x449ae9d44361aafc1602c0829fa88460a198e28b3a020b4a5c504467fa0814dc","50465608","1717329487","2024-06-02 11:58:07","0x77d39851630069f55e4caacc1db793c7973e7876","0x33a539e2469c8d3421b3ff29cc7b7de1e695ebfe","","0","0","0","0.00001535","0.0582649225308139","","","","0xd0847fae",""
"0x24ab2c1f26bb56556d3331802cd0d07ecdb9da9b0eae5015e14178b2ea722ff0","50465615","1717329489","2024-06-02 11:58:09","0x77d39851630069f55e4caacc1db793c7973e7876","0x33a539e2469c8d3421b3ff29cc7b7de1e695ebfe","","0","0","0","0.00001273","0.0483200302161082","","","","0xceaa3182",""
"0x7361b55d4b8d062ddafa8179c847d9652b8911f03d35c73277c32184ec6e5ae2","50465673","1717329504","2024-06-02 11:58:24","0x77d39851630069f55e4caacc1db793c7973e7876","0x33a539e2469c8d3421b3ff29cc7b7de1e695ebfe","","0","0","0","0.0000153","0.0580751345095409","","","","0xd0847fae",""
"0x71214ad5433de1f166fcded252d29a8f5cf4d81e87a5c77e7fb10e6499581b4e","50465679","1717329506","2024-06-02 11:58:26","0x77d39851630069f55e4caacc1db793c7973e7876","0x33a539e2469c8d3421b3ff29cc7b7de1e695ebfe","","0","0","0","0.00001273","0.0483200302161082","","","","0xceaa3182",""
"0x82f78fc35dbaafea0503bc4a51d0efa26919a40bd6f096f6132ee83d11dbc5b6","50465728","1717329518","2024-06-02 11:58:38","0x77d39851630069f55e4caacc1db793c7973e7876","0x33a539e2469c8d3421b3ff29cc7b7de1e695ebfe","","0","0","0","0.00001535","0.0582649225308139","","","","0xd0847fae",""
"0x9f1a73d43cf06e910170f4dbb1d368d92de697af137e92a8c47eca33e679898a","50465735","1717329520","2024-06-02 11:58:40","0x77d39851630069f55e4caacc1db793c7973e7876","0x33a539e2469c8d3421b3ff29cc7b7de1e695ebfe","","0","0","0","0.00001273","0.0483200302161082","","","","0xceaa3182",""
"0x872ed35bece46d9728021a0aec41b994004b0378db9aad617ad69db853284830","50465785","1717329533","2024-06-02 11:58:53","0x77d39851630069f55e4caacc1db793c7973e7876","0x33a539e2469c8d3421b3ff29cc7b7de1e695ebfe","","0","0","0","0.00001535","0.0582649225308139","","","","0xd0847fae",""
"0x2e2b9d6dc84c2927c6808b06fdac5b83a96ae0e76d43d98f4f7aa0625a1b4a3b","50465793","1717329535","2024-06-02 11:58:55","0x77d39851630069f55e4caacc1db793c7973e7876","0x33a539e2469c8d3421b3ff29cc7b7de1e695ebfe","","0","0","0","0.00001273","0.0483200302161082","","","","0xceaa3182",""
"0x04356d38893e67121b78006c224f91126f45e4e67c1a4afb1c52b421f51d51db","50465844","1717329548","2024-06-02 11:59:08","0x77d39851630069f55e4caacc1db793c7973e7876","0x33a539e2469c8d3421b3ff29cc7b7de1e695ebfe","","0","0","0","0.00001535","0.0582649225308139","","","","0xd0847fae",""
"0x7fedbafb00989bcdaa76bc4d1cc00a40ff91432c547eefd514ff4236256d5786","50465854","1717329551","2024-06-02 11:59:11","0x77d39851630069f55e4caacc1db793c7973e7876","0x33a539e2469c8d3421b3ff29cc7b7de1e695ebfe","","0","0","0","0.00001273","0.0483200302161082","","","","0xceaa3182",""
"0x067c4d69176be8c84aa72f41256ac1ee32e06218d89a1a727d1241c2f31a5ebd","50465912","1717329566","2024-06-02 11:59:26","0x77d39851630069f55e4caacc1db793c7973e7876","0x33a539e2469c8d3421b3ff29cc7b7de1e695ebfe","","0","0","0","0.00001535","0.0582649225308139","","","","0xd0847fae",""
"0xbfce44dcd2938fe30ba9f2101b39171f6975ed0d9eca3364776855e6de4f280e","50465919","1717329568","2024-06-02 11:59:28","0x77d39851630069f55e4caacc1db793c7973e7876","0x33a539e2469c8d3421b3ff29cc7b7de1e695ebfe","","0","0","0","0.00001273","0.0483200302161082","","","","0xceaa3182",""
"0xce1ab6acb4f1237c60a92b4fc8d3caf9b1dcbab3aa457cf25e3caa8a9a9b09ab","50465968","1717329581","2024-06-02 11:59:41","0x77d39851630069f55e4caacc1db793c7973e7876","0x33a539e2469c8d3421b3ff29cc7b7de1e695ebfe","","0","0","0","0.00001535","0.0582649225308139","","","","0xd0847fae",""
"0xd9927c993b4d3fe07fd5d9ea509d6950d827f070e87a67882123bda9f6633d1b","50465976","1717329583","2024-06-02 11:59:43","0x77d39851630069f55e4caacc1db793c7973e7876","0x33a539e2469c8d3421b3ff29cc7b7de1e695ebfe","","0","0","0","0.00001273","0.0483200302161082","","","","0xceaa3182",""
"0x3662a7c3adbe54affe274a04c1d5b93dabab469855c850f0264bd6fc0db32b9f","50466029","1717329596","2024-06-02 11:59:56","0x77d39851630069f55e4caacc1db793c7973e7876","0x33a539e2469c8d3421b3ff29cc7b7de1e695ebfe","","0","0","0","0.00001535","0.0582649225308139","","","","0xd0847fae",""
"0x478c1750b4f336b663549e47f5f828c664cc4c09ce37b039996cedf0569fe033","50466035","1717329598","2024-06-02 11:59:58","0x77d39851630069f55e4caacc1db793c7973e7876","0x33a539e2469c8d3421b3ff29cc7b7de1e695ebfe","","0","0","0","0.00001273","0.0483200302161082","","","","0xceaa3182",""
"0x75f9330c842c6dfae9b361e2601f7e50c146c1168866b99698aea40de22f892d","50466096","1717329614","2024-06-02 12:00:14","0x77d39851630069f55e4caacc1db793c7973e7876","0x33a539e2469c8d3421b3ff29cc7b7de1e695ebfe","","0","0","0","0.00001535","0.0582649225308139","","","","0xd0847fae",""
"0x8e786db3e1668c0da5c2fc8784296b32a5984e6eb48b98e9439389dba9e22f55","50466104","1717329616","2024-06-02 12:00:16","0x77d39851630069f55e4caacc1db793c7973e7876","0x33a539e2469c8d3421b3ff29cc7b7de1e695ebfe","","0","0","0","0.00001273","0.0483200302161082","","","","0xceaa3182",""
"0xfe82524058d323ad2e89cb60058092f1a8d7d85b0f3a7a6ada9c79e8a50c79ff","50466158","1717329630","2024-06-02 12:00:30","0x77d39851630069f55e4caacc1db793c7973e7876","0x33a539e2469c8d3421b3ff29cc7b7de1e695ebfe","","0","0","0","0.00001535","0.0582649225308139","","","","0xd0847fae",""
"0xf9700b31347dd8d9bce5dc6d6f5891ca50e977805eed924d1fc24fdcf4eb12da","50466165","1717329631","2024-06-02 12:00:31","0x77d39851630069f55e4caacc1db793c7973e7876","0x33a539e2469c8d3421b3ff29cc7b7de1e695ebfe","","0","0","0","0.00001273","0.0483200302161082","","","","0xceaa3182",""
"0x0584a8fd059434c1041323e2c38461120d10b971dab276247ce477393b3bf35e","50466217","1717329645","2024-06-02 12:00:45","0x77d39851630069f55e4caacc1db793c7973e7876","0x33a539e2469c8d3421b3ff29cc7b7de1e695ebfe","","0","0","0","0.00001535","0.0582649225308139","","","","0xd0847fae",""
"0x0958c6a04bcadb7d1e46f6554c3fb9651950c3deac7609d0d760df362ffc8ad3","50466225","1717329647","2024-06-02 12:00:47","0x77d39851630069f55e4caacc1db793c7973e7876","0x33a539e2469c8d3421b3ff29cc7b7de1e695ebfe","","0","0","0","0.00001273","0.0483200302161082","","","","0xceaa3182",""
"0x87fa4939e231bc9984040680b7a084d374892b234f73cbb14596c80a481b133e","50466279","1717329661","2024-06-02 12:01:01","0x77d39851630069f55e4caacc1db793c7973e7876","0x33a539e2469c8d3421b3ff29cc7b7de1e695ebfe","","0","0","0","0.00001535","0.0582649225308139","","","","0xd0847fae",""
"0x51a13d5b0177b4fca51fbb7808874fe164e83e860e057b12e4c710ab4983c45e","50466287","1717329663","2024-06-02 12:01:03","0x77d39851630069f55e4caacc1db793c7973e7876","0x33a539e2469c8d3421b3ff29cc7b7de1e695ebfe","","0","0","0","0.00001273","0.0483200302161082","","","","0xceaa3182",""
"0xc6e90aa3a2da65e532c8d8d81623f0e3289417bc9c3917919ff944e22780a243","50466342","1717329677","2024-06-02 12:01:17","0x77d39851630069f55e4caacc1db793c7973e7876","0x33a539e2469c8d3421b3ff29cc7b7de1e695ebfe","","0","0","0","0.00001535","0.0582649225308139","","","","0xd0847fae",""
"0xd57888719ab4ef1c48ef28f633485b008a4275c0dd8e0b0042e350a05944d83b","50466349","1717329679","2024-06-02 12:01:19","0x77d39851630069f55e4caacc1db793c7973e7876","0x33a539e2469c8d3421b3ff29cc7b7de1e695ebfe","","0","0","0","0.00001273","0.0483200302161082","","","","0xceaa3182",""
"0xa160a4460c027f51f8d70126f25715aa50b79a481e61430c65cd441b26f29634","50466403","1717329693","2024-06-02 12:01:33","0x77d39851630069f55e4caacc1db793c7973e7876","0x33a539e2469c8d3421b3ff29cc7b7de1e695ebfe","","0","0","0","0.00001535","0.0582649225308139","","","","0xd0847fae",""
"0x052033a0efe8f21596f3ef1a140d2e3197b69dad02eb616e11dbd7f316f53bbd","50466411","1717329695","2024-06-02 12:01:35","0x77d39851630069f55e4caacc1db793c7973e7876","0x33a539e2469c8d3421b3ff29cc7b7de1e695ebfe","","0","0","0","0.00001273","0.0483200302161082","","","","0xceaa3182",""
"0x7b863deecb0383fa2120465ac770ca78c47f333cdcd62732c6e01814c211e761","50466463","1717329708","2024-06-02 12:01:48","0x77d39851630069f55e4caacc1db793c7973e7876","0x33a539e2469c8d3421b3ff29cc7b7de1e695ebfe","","0","0","0","0.00001535","0.0582649225308139","","","","0xd0847fae",""
"0x985ac43cd14e3969f9370a7e50450ba9d7408f5b864fdcdee02be54a7e1fe29c","50466470","1717329710","2024-06-02 12:01:50","0x77d39851630069f55e4caacc1db793c7973e7876","0x33a539e2469c8d3421b3ff29cc7b7de1e695ebfe","","0","0","0","0.00001273","0.0483200302161082","","","","0xceaa3182",""
"0xcb1452a79fa9e631b19dcbd65ff5638513d9c118f74d9f8eb3dc593a6df2b8b9","50466522","1717329724","2024-06-02 12:02:04","0x77d39851630069f55e4caacc1db793c7973e7876","0x33a539e2469c8d3421b3ff29cc7b7de1e695ebfe","","0","0","0","0.00001535","0.0582649225308139","","","","0xd0847fae",""
"0xaae19e593f71e2305929a5721e298083078f672330ab3d1ffd99ae4ffa86a2c1","50466528","1717329725","2024-06-02 12:02:05","0x77d39851630069f55e4caacc1db793c7973e7876","0x33a539e2469c8d3421b3ff29cc7b7de1e695ebfe","","0","0","0","0.00001273","0.0483200302161082","","","","0xceaa3182",""
"0xa26888d625b512306dbd11cb13fb7fb85fc493016024698f889b7a72699be982","50466581","1717329739","2024-06-02 12:02:19","0x77d39851630069f55e4caacc1db793c7973e7876","0x33a539e2469c8d3421b3ff29cc7b7de1e695ebfe","","0","0","0","0.00001535","0.0582649225308139","","","","0xd0847fae",""
"0x2903940fe4395bef0af83d1b953e68e861b7fda4d581846b957a56209309dcc8","50466589","1717329741","2024-06-02 12:02:21","0x77d39851630069f55e4caacc1db793c7973e7876","0x33a539e2469c8d3421b3ff29cc7b7de1e695ebfe","","0","0","0","0.00001267","0.0480922845905806","","","","0xceaa3182",""
"0xac98e13cae4ce174af6a0968be225b6de06d71450b9e38ec6e7581d2f39a5faf","50466645","1717329755","2024-06-02 12:02:35","0x77d39851630069f55e4caacc1db793c7973e7876","0x33a539e2469c8d3421b3ff29cc7b7de1e695ebfe","","0","0","0","0.00001535","0.0582649225308139","","","","0xd0847fae",""
"0x45101c12719d81d6938a52e1d75fa5b2538a5d53d3cd8f47429712232b596c0d","50466652","1717329757","2024-06-02 12:02:37","0x77d39851630069f55e4caacc1db793c7973e7876","0x33a539e2469c8d3421b3ff29cc7b7de1e695ebfe","","0","0","0","0.00001273","0.0483200302161082","","","","0xceaa3182",""
"0xdd3fb05fc6b4c5bd4919a58decdc2e15a2d97475db5838d5a14d209c7852ea9c","50466707","1717329771","2024-06-02 12:02:51","0x77d39851630069f55e4caacc1db793c7973e7876","0x33a539e2469c8d3421b3ff29cc7b7de1e695ebfe","","0","0","0","0.00001535","0.0582649225308139","","","","0xd0847fae",""
"0xf886f767e5280d32d7beda67dd050dfa86ecca171a6f58214178b6cd3e12714a","50466714","1717329772","2024-06-02 12:02:52","0x77d39851630069f55e4caacc1db793c7973e7876","0x33a539e2469c8d3421b3ff29cc7b7de1e695ebfe","","0","0","0","0.00001273","0.0483200302161082","","","","0xceaa3182",""
"0x0195cf28f109f1e46bfffd234c58d9af262266cb38adb8d29aaa5dcb52b9807e","50466765","1717329786","2024-06-02 12:03:06","0x77d39851630069f55e4caacc1db793c7973e7876","0x33a539e2469c8d3421b3ff29cc7b7de1e695ebfe","","0","0","0","0.00001535","0.0582649225308139","","","","0xd0847fae",""
"0x9c30c10cb012862311f84746ec8a47f635d4bfb2f035dd1cd00332c14633d0d5","50466774","1717329788","2024-06-02 12:03:08","0x77d39851630069f55e4caacc1db793c7973e7876","0x33a539e2469c8d3421b3ff29cc7b7de1e695ebfe","","0","0","0","0.00001273","0.0483200302161082","","","","0xceaa3182",""
"0x87e950de15e9f858abe661945adcdf6144cf08c7d58f5da5bbcacf064a3958f2","50466829","1717329802","2024-06-02 12:03:22","0x77d39851630069f55e4caacc1db793c7973e7876","0x33a539e2469c8d3421b3ff29cc7b7de1e695ebfe","","0","0","0","0.00001535","0.0582649225308139","","","","0xd0847fae",""
"0xae48a74d4e6166f03017349919aa38aebd0fbbb94b81f0d4ae00bcd634ad2b4d","50466836","1717329804","2024-06-02 12:03:24","0x77d39851630069f55e4caacc1db793c7973e7876","0x33a539e2469c8d3421b3ff29cc7b7de1e695ebfe","","0","0","0","0.00001273","0.0483200302161082","","","","0xceaa3182",""
"0x8756c40f8eb775e6b834f9f8a9fdeb9de64f55a903fe717850d4b9be44f698cd","50466903","1717329818","2024-06-02 12:03:38","0x77d39851630069f55e4caacc1db793c7973e7876","0x33a539e2469c8d3421b3ff29cc7b7de1e695ebfe","","0","0","0","0.00002025","0.0768641486155689","","","","0xd0847fae",""
"0xf985b57f5571f959c9bee3e7727a878da22d06505a409f77f0bd16a81cf73a07","50466910","1717329820","2024-06-02 12:03:40","0x77d39851630069f55e4caacc1db793c7973e7876","0x33a539e2469c8d3421b3ff29cc7b7de1e695ebfe","","0","0","0","0.00001689","0.0641103935860226","","","","0xceaa3182",""
"0xbe9a7a8bb8ccff1636e07a1812ea8014a9b20f08c9d577be68ecfdb36e0b7d88","50466962","1717329833","2024-06-02 12:03:53","0x77d39851630069f55e4caacc1db793c7973e7876","0x33a539e2469c8d3421b3ff29cc7b7de1e695ebfe","","0","0","0","0.00002025","0.0768641486155689","","","","0xd0847fae",""
"0x93afaa200e09586dc3f0ca314c9da859ed3695135b7d9c474ebef343cfceb451","50466970","1717329835","2024-06-02 12:03:55","0x77d39851630069f55e4caacc1db793c7973e7876","0x33a539e2469c8d3421b3ff29cc7b7de1e695ebfe","","0","0","0","0.00001689","0.0641103935860226","","","","0xceaa3182",""
"0xff3f2b66021bb09f3c6ac58c238ef39216c5a677befebc854c6ee6f06a54d55a","50467024","1717329849","2024-06-02 12:04:09","0x77d39851630069f55e4caacc1db793c7973e7876","0x33a539e2469c8d3421b3ff29cc7b7de1e695ebfe","","0","0","0","0.00002025","0.0768641486155689","","","","0xd0847fae",""
"0xf3da3435fd5d62c300262f05e42164c1483875c2af99a5a7a79120be8dff0582","50467032","1717329851","2024-06-02 12:04:11","0x77d39851630069f55e4caacc1db793c7973e7876","0x33a539e2469c8d3421b3ff29cc7b7de1e695ebfe","","0","0","0","0.00001689","0.0641103935860226","","","","0xceaa3182",""
"0x7dcad25be5846a5737c27bff4a09d9c0c22e64e046e28039cf66296d3372e089","50467090","1717329866","2024-06-02 12:04:26","0x77d39851630069f55e4caacc1db793c7973e7876","0x33a539e2469c8d3421b3ff29cc7b7de1e695ebfe","","0","0","0","0.00002025","0.0768641486155689","","","","0xd0847fae",""
"0x4b596695ac60a97deabae6cbc02650d663ca1358435202c5aa159a461a698729","50467097","1717329868","2024-06-02 12:04:28","0x77d39851630069f55e4caacc1db793c7973e7876","0x33a539e2469c8d3421b3ff29cc7b7de1e695ebfe","","0","0","0","0.00001689","0.0641103935860226","","","","0xceaa3182",""
"0x2ff06cd31c87fecd9263242b24071729313f3677242ea876f2938ba3f9940e3a","50467150","1717329881","2024-06-02 12:04:41","0x77d39851630069f55e4caacc1db793c7973e7876","0x33a539e2469c8d3421b3ff29cc7b7de1e695ebfe","","0","0","0","0.00002017","0.076560487781532","","","","0xd0847fae",""
"0x16913b632616f18b4f42ae30ec41ec5548b6e57c129a3c7420bd617eeeb70da6","50467159","1717329884","2024-06-02 12:04:44","0x77d39851630069f55e4caacc1db793c7973e7876","0x33a539e2469c8d3421b3ff29cc7b7de1e695ebfe","","0","0","0","0.00001689","0.0641103935860226","","","","0xceaa3182",""
"0x61c5bc2497b300c368d546da4cc9a1362792dc7e16c8d9a30fc7897a5b023209","50467211","1717329897","2024-06-02 12:04:57","0x77d39851630069f55e4caacc1db793c7973e7876","0x33a539e2469c8d3421b3ff29cc7b7de1e695ebfe","","0","0","0","0.00002025","0.0768641486155689","","","","0xd0847fae",""
"0xb6a5ba20737dc420647d6d9594b13c8c5e76761316aa86e00614ecb723d90a98","50467219","1717329899","2024-06-02 12:04:59","0x77d39851630069f55e4caacc1db793c7973e7876","0x33a539e2469c8d3421b3ff29cc7b7de1e695ebfe","","0","0","0","0.00001689","0.0641103935860226","","","","0xceaa3182",""
"0x6a6f8df07e7adde7f9c687d1361e2d6ffc73fdd358f7518f4741ce56b4658098","50467273","1717329913","2024-06-02 12:05:13","0x77d39851630069f55e4caacc1db793c7973e7876","0x33a539e2469c8d3421b3ff29cc7b7de1e695ebfe","","0","0","0","0.00002025","0.0768641486155689","","","","0xd0847fae",""
"0x2d7da4ed0f54164bddd419b36600a47abd64bbd3bfd52089ec2f64844bf45cbe","50467281","1717329915","2024-06-02 12:05:15","0x77d39851630069f55e4caacc1db793c7973e7876","0x33a539e2469c8d3421b3ff29cc7b7de1e695ebfe","","0","0","0","0.00001689","0.0641103935860226","","","","0xceaa3182",""
"0xaa33ae662c8444fe8573a168e7b6199b95a4c235bd1498556a8e65985bde6aae","50467336","1717329929","2024-06-02 12:05:29","0x77d39851630069f55e4caacc1db793c7973e7876","0x33a539e2469c8d3421b3ff29cc7b7de1e695ebfe","","0","0","0","0.00002025","0.0768641486155689","","","","0xd0847fae",""
"0x38959c5db11faf60f645edfe237627538470285a002efb3f39a78cdbe61eb060","50467344","1717329931","2024-06-02 12:05:31","0x77d39851630069f55e4caacc1db793c7973e7876","0x33a539e2469c8d3421b3ff29cc7b7de1e695ebfe","","0","0","0","0.00001689","0.0641103935860226","","","","0xceaa3182",""
"0x9ebe1aaf8748262a55cc53773c5e771ddaebcd6f8e4d5bf3afa81efbab56add9","50467400","1717329945","2024-06-02 12:05:45","0x77d39851630069f55e4caacc1db793c7973e7876","0x33a539e2469c8d3421b3ff29cc7b7de1e695ebfe","","0","0","0","0.00002025","0.0768641486155689","","","","0xd0847fae",""
"0xc4573992a639f3aae8c9d49798c3a28861e3bd28205816dee6d358b84a38379c","50467408","1717329947","2024-06-02 12:05:47","0x77d39851630069f55e4caacc1db793c7973e7876","0x33a539e2469c8d3421b3ff29cc7b7de1e695ebfe","","0","0","0","0.00001689","0.0641103935860226","","","","0xceaa3182",""
"0x7e69a1b0492a43b60a0b64cf61941d938d0a17fb65f2f908d1474a2e0880f687","50467460","1717329960","2024-06-02 12:06:00","0x77d39851630069f55e4caacc1db793c7973e7876","0x33a539e2469c8d3421b3ff29cc7b7de1e695ebfe","","0","0","0","0.00002025","0.0768641486155689","","","","0xd0847fae",""
"0x350583810f726c0b348bbbf7212acd91e7f0e7dbc2570644c13b55f8db89a1e2","50467469","1717329963","2024-06-02 12:06:03","0x77d39851630069f55e4caacc1db793c7973e7876","0x33a539e2469c8d3421b3ff29cc7b7de1e695ebfe","","0","0","0","0.00001689","0.0641103935860226","","","","0xceaa3182",""
"0xb0d4797fea6aa801977ec1aa28009e9b65f509b53c4470604618152b9349ff99","50467523","1717329977","2024-06-02 12:06:17","0x77d39851630069f55e4caacc1db793c7973e7876","0x33a539e2469c8d3421b3ff29cc7b7de1e695ebfe","","0","0","0","0.00002025","0.0768641486155689","","","","0xd0847fae",""
"0x9c2d7ffd29ca3e1db92f039d5cb9ff0d0b18b68c4284ea60345ec803630e7693","50467531","1717329979","2024-06-02 12:06:19","0x77d39851630069f55e4caacc1db793c7973e7876","0x33a539e2469c8d3421b3ff29cc7b7de1e695ebfe","","0","0","0","0.00001689","0.0641103935860226","","","","0xceaa3182",""
"0x971acf20fd856221d86fb38056dab524ad5309816b73f99935b3ff32596fdb2d","50467582","1717329992","2024-06-02 12:06:32","0x77d39851630069f55e4caacc1db793c7973e7876","0x33a539e2469c8d3421b3ff29cc7b7de1e695ebfe","","0","0","0","0.00002025","0.0768641486155689","","","","0xd0847fae",""
"0xa53fb60684092976e21ac05cf8261fd9d28662cfa277d13ff97f79ff4d411185","50467589","1717329993","2024-06-02 12:06:33","0x77d39851630069f55e4caacc1db793c7973e7876","0x33a539e2469c8d3421b3ff29cc7b7de1e695ebfe","","0","0","0","0.00001689","0.0641103935860226","","","","0xceaa3182",""
"0x4edb89ab4fb0c265d9716ce6c63df37042833590609aeb2c6c3ff14e0e594444","50467638","1717330006","2024-06-02 12:06:46","0x77d39851630069f55e4caacc1db793c7973e7876","0x33a539e2469c8d3421b3ff29cc7b7de1e695ebfe","","0","0","0","0.00002025","0.0768641486155689","","","","0xd0847fae",""
"0x7b2dd821c1fa84a4ca0b5d2458f942d4362ca3bde52ed81185cef0fa40000f12","50467646","1717330008","2024-06-02 12:06:48","0x77d39851630069f55e4caacc1db793c7973e7876","0x33a539e2469c8d3421b3ff29cc7b7de1e695ebfe","","0","0","0","0.00001689","0.0641103935860226","","","","0xceaa3182",""
"0x6598dab375410653e005c8aae3e2f5162e6406bc7a16b6bbd6931d8cb92c4ba0","50467699","1717330021","2024-06-02 12:07:01","0x77d39851630069f55e4caacc1db793c7973e7876","0x33a539e2469c8d3421b3ff29cc7b7de1e695ebfe","","0","0","0","0.00002025","0.0768641486155689","","","","0xd0847fae",""
"0x1bc814764586d7b5145343eb22017e78fded439ca53034ab62b0d5e845520277","50467708","1717330024","2024-06-02 12:07:04","0x77d39851630069f55e4caacc1db793c7973e7876","0x33a539e2469c8d3421b3ff29cc7b7de1e695ebfe","","0","0","0","0.00001689","0.0641103935860226","","","","0xceaa3182",""
"0xb9abe44f12f9a7ab4f3e0440cbc8087d98ce0dbd1357f194f09129eea028f336","50467767","1717330039","2024-06-02 12:07:19","0x77d39851630069f55e4caacc1db793c7973e7876","0x33a539e2469c8d3421b3ff29cc7b7de1e695ebfe","","0","0","0","0.00002025","0.0768641486155689","","","","0xd0847fae",""
"0x785c41d35cf6cc6202793dcbf762f2242d8b6d6154e525ce1d8ba63231ef0758","50467774","1717330040","2024-06-02 12:07:20","0x77d39851630069f55e4caacc1db793c7973e7876","0x33a539e2469c8d3421b3ff29cc7b7de1e695ebfe","","0","0","0","0.00001689","0.0641103935860226","","","","0xceaa3182",""
"0x735512eee2a3cd16255bb3b155a0b8651316ae08f621bf2fc38c611f2c3b8e4c","50467827","1717330054","2024-06-02 12:07:34","0x77d39851630069f55e4caacc1db793c7973e7876","0x33a539e2469c8d3421b3ff29cc7b7de1e695ebfe","","0","0","0","0.00002025","0.0768641486155689","","","","0xd0847fae",""
"0x821d61795d687426d1268de951945cdd0f74af1bc6fa59973cb4da38b5e4fb28","50467835","1717330056","2024-06-02 12:07:36","0x77d39851630069f55e4caacc1db793c7973e7876","0x33a539e2469c8d3421b3ff29cc7b7de1e695ebfe","","0","0","0","0.00001689","0.0641103935860226","","","","0xceaa3182",""
"0x583c36d494edf460cbd03ec5c4a5ff169c552dc2d9c24f9de37e21e62ee98925","50467887","1717330070","2024-06-02 12:07:50","0x77d39851630069f55e4caacc1db793c7973e7876","0x33a539e2469c8d3421b3ff29cc7b7de1e695ebfe","","0","0","0","0.00002025","0.0768641486155689","","","","0xd0847fae",""
"0x29cff2a7ae291efef039813dddf08fbd9ea99ca6995e5e211ceac352faebeec1","50467895","1717330072","2024-06-02 12:07:52","0x77d39851630069f55e4caacc1db793c7973e7876","0x33a539e2469c8d3421b3ff29cc7b7de1e695ebfe","","0","0","0","0.00001689","0.0641103935860226","","","","0xceaa3182",""
"0xd8e0cab71c25a2bf61261ac176a85e4f216cf82f9d1103038ae6ce685a7d8d31","50467952","1717330086","2024-06-02 12:08:06","0x77d39851630069f55e4caacc1db793c7973e7876","0x33a539e2469c8d3421b3ff29cc7b7de1e695ebfe","","0","0","0","0.00002025","0.0768641486155689","","","","0xd0847fae",""
"0x7b2d9d5c2e95fc79ff3ffe114e063dec117f052193b67069e7e69caba0f6b970","50467961","1717330088","2024-06-02 12:08:08","0x77d39851630069f55e4caacc1db793c7973e7876","0x33a539e2469c8d3421b3ff29cc7b7de1e695ebfe","","0","0","0","0.00001689","0.0641103935860226","","","","0xceaa3182",""
"0xcbd12facf5f1742bfa8b385ff6e828c1fd185a01f2aef27dde054fe6a42f1b81","50468015","1717330102","2024-06-02 12:08:22","0x77d39851630069f55e4caacc1db793c7973e7876","0x33a539e2469c8d3421b3ff29cc7b7de1e695ebfe","","0","0","0","0.00002025","0.0768641486155689","","","","0xd0847fae",""
"0xaddd679b8576a46dcde67022c7d8aff1066941a232d3a3c0669905d2ebc6999b","50468023","1717330104","2024-06-02 12:08:24","0x77d39851630069f55e4caacc1db793c7973e7876","0x33a539e2469c8d3421b3ff29cc7b7de1e695ebfe","","0","0","0","0.00001689","0.0641103935860226","","","","0xceaa3182",""
"0x873cf41cdd8f56e73baca75fc7f2e6c04115ae01f46426caaca79b7a0e64f5e6","50468079","1717330118","2024-06-02 12:08:38","0x77d39851630069f55e4caacc1db793c7973e7876","0x33a539e2469c8d3421b3ff29cc7b7de1e695ebfe","","0","0","0","0.00002025","0.0768641486155689","","","","0xd0847fae",""
"0xb6754f8a133ceac5579e98523006aea3d4b26d076f31dbf490a6d54fff23e0a6","50468087","1717330120","2024-06-02 12:08:40","0x77d39851630069f55e4caacc1db793c7973e7876","0x33a539e2469c8d3421b3ff29cc7b7de1e695ebfe","","0","0","0","0.00001689","0.0641103935860226","","","","0xceaa3182",""
"0x12dd96b13fd846ed51183d7d9767067ba1aa0b21763b9d455fd23aeb6b5f5bcc","50468144","1717330135","2024-06-02 12:08:55","0x77d39851630069f55e4caacc1db793c7973e7876","0x33a539e2469c8d3421b3ff29cc7b7de1e695ebfe","","0","0","0","0.00002025","0.0768641486155689","","","","0xd0847fae",""
"0x56337e930726498fb8b218a3889ae0a3522281f5f96fa5a039260a73c2b00286","50468151","1717330137","2024-06-02 12:08:57","0x77d39851630069f55e4caacc1db793c7973e7876","0x33a539e2469c8d3421b3ff29cc7b7de1e695ebfe","","0","0","0","0.00001689","0.0641103935860226","","","","0xceaa3182",""
"0x905f1ee8fd20f50f5094a782be999a67dabbec49c40965093e604e9fcb5bfcaf","50468208","1717330151","2024-06-02 12:09:11","0x77d39851630069f55e4caacc1db793c7973e7876","0x33a539e2469c8d3421b3ff29cc7b7de1e695ebfe","","0","0","0","0.00002025","0.0768641486155689","","","","0xd0847fae",""
"0x3df33837d737334c34cb9ccd58a1cf962c663e6bac4ef8948d5bdd811de31900","50468217","1717330154","2024-06-02 12:09:14","0x77d39851630069f55e4caacc1db793c7973e7876","0x33a539e2469c8d3421b3ff29cc7b7de1e695ebfe","","0","0","0","0.00001689","0.0641103935860226","","","","0xceaa3182",""
"0x9e4c7621cc04a638c78eb0c1e440a264ca94e0d2a513d6ca65fbf0fedc61b1ee","50468270","1717330168","2024-06-02 12:09:28","0x77d39851630069f55e4caacc1db793c7973e7876","0x33a539e2469c8d3421b3ff29cc7b7de1e695ebfe","","0","0","0","0.00002025","0.0768641486155689","","","","0xd0847fae",""
"0x913e0163d1a61b339eece2db6758357b7de6f37898292c23c8e5c89e5cdf7f78","50468278","1717330170","2024-06-02 12:09:30","0x77d39851630069f55e4caacc1db793c7973e7876","0x33a539e2469c8d3421b3ff29cc7b7de1e695ebfe","","0","0","0","0.00001689","0.0641103935860226","","","","0xceaa3182",""
"0x5b31acd1b1d74ada5180be5a6eef1da5119af235fd462e64abb974cec0dbeb48","50468334","1717330184","2024-06-02 12:09:44","0x77d39851630069f55e4caacc1db793c7973e7876","0x33a539e2469c8d3421b3ff29cc7b7de1e695ebfe","","0","0","0","0.00002025","0.0768641486155689","","","","0xd0847fae",""
"0xadded17f378ff66409d503ebd74851989cd9355502d5b63222dcb71253c67952","50468342","1717330186","2024-06-02 12:09:46","0x77d39851630069f55e4caacc1db793c7973e7876","0x33a539e2469c8d3421b3ff29cc7b7de1e695ebfe","","0","0","0","0.00001689","0.0641103935860226","","","","0xceaa3182",""
"0x99b4e37737356392fd2e6d77c15fa7f345b9c6e343e11247fabf57df29141855","50468407","1717330200","2024-06-02 12:10:00","0x77d39851630069f55e4caacc1db793c7973e7876","0x33a539e2469c8d3421b3ff29cc7b7de1e695ebfe","","0","0","0","0.00001086","0.0412219582204977","","","","0xd0847fae",""
"0xf80c1913fb6c9298879b32acc85521168adeeb7a56e462f1452a8bc095716492","50468416","1717330202","2024-06-02 12:10:02","0x77d39851630069f55e4caacc1db793c7973e7876","0x33a539e2469c8d3421b3ff29cc7b7de1e695ebfe","","0","0","0","0.00000892","0.0338581829951049","","","","0xceaa3182",""
"0x7e6848ec522b0b35dcf50f2185cfa47005ba5c55643145bd2389c6ad16200c69","50468469","1717330217","2024-06-02 12:10:17","0x77d39851630069f55e4caacc1db793c7973e7876","0x33a539e2469c8d3421b3ff29cc7b7de1e695ebfe","","0","0","0","0.00001086","0.0412219582204977","","","","0xd0847fae",""
"0xb43a453bb8ccf0188f070237a0536da43f7721b4c473717d67194f178a638dff","50468477","1717330219","2024-06-02 12:10:19","0x77d39851630069f55e4caacc1db793c7973e7876","0x33a539e2469c8d3421b3ff29cc7b7de1e695ebfe","","0","0","0","0.00000892","0.0338581829951049","","","","0xceaa3182",""
"0x5d92002de5425a360932c13934a6ae32b0908b011e95bf2847769f349a69fe33","50468535","1717330234","2024-06-02 12:10:34","0x77d39851630069f55e4caacc1db793c7973e7876","0x33a539e2469c8d3421b3ff29cc7b7de1e695ebfe","","0","0","0","0.00001086","0.0412219582204977","","","","0xd0847fae",""
"0x95b9a2396c9fc826a5ff070289c3dc2b00af1f9a71bc31f813c08ee1b78fe760","50468543","1717330236","2024-06-02 12:10:36","0x77d39851630069f55e4caacc1db793c7973e7876","0x33a539e2469c8d3421b3ff29cc7b7de1e695ebfe","","0","0","0","0.00000892","0.0338581829951049","","","","0xceaa3182",""
"0x9266cee29b903dacdcf318bce9b8e075a12fa649f3b429ad2d81b477acf57259","50468594","1717330249","2024-06-02 12:10:49","0x77d39851630069f55e4caacc1db793c7973e7876","0x33a539e2469c8d3421b3ff29cc7b7de1e695ebfe","","0","0","0","0.00001086","0.0412219582204977","","","","0xd0847fae",""
"0x2000683f64fd04710d41993ea721e181419633b2cb2f1ea175b559dcb4e895a2","50468605","1717330252","2024-06-02 12:10:52","0x77d39851630069f55e4caacc1db793c7973e7876","0x33a539e2469c8d3421b3ff29cc7b7de1e695ebfe","","0","0","0","0.00000892","0.0338581829951049","","","","0xceaa3182",""
"0x601e3a9d0b839b7dd3b76ae67d49e1daaddc369376f27cdeeaf922a1abdcb775","50468656","1717330265","2024-06-02 12:11:05","0x77d39851630069f55e4caacc1db793c7973e7876","0x33a539e2469c8d3421b3ff29cc7b7de1e695ebfe","","0","0","0","0.00001086","0.0412219582204977","","","","0xd0847fae",""
"0xc7cecc8eeaf7017fb505c3ef9bd0cf43140b6c3abb3d9397d49e4c04b5b61e6e","50468664","1717330267","2024-06-02 12:11:07","0x77d39851630069f55e4caacc1db793c7973e7876","0x33a539e2469c8d3421b3ff29cc7b7de1e695ebfe","","0","0","0","0.00000892","0.0338581829951049","","","","0xceaa3182",""
"0x6d2e4ec798564681b18adf96b2b58c0923cf2546d873d9e4c11baeb5e4f04321","50468720","1717330282","2024-06-02 12:11:22","0x77d39851630069f55e4caacc1db793c7973e7876","0x33a539e2469c8d3421b3ff29cc7b7de1e695ebfe","","0","0","0","0.00001086","0.0412219582204977","","","","0xd0847fae",""
"0x70d896e7cb086a0df1904627b743db378ebd8b989d547c9c895886efc7c112be","50468728","1717330284","2024-06-02 12:11:24","0x77d39851630069f55e4caacc1db793c7973e7876","0x33a539e2469c8d3421b3ff29cc7b7de1e695ebfe","","0","0","0","0.00000892","0.0338581829951049","","","","0xceaa3182",""
"0xb65478b74782211eaff69270be3bd0234d208cb3579c65197ce1340a1d5f41b6","50468788","1717330299","2024-06-02 12:11:39","0x77d39851630069f55e4caacc1db793c7973e7876","0x33a539e2469c8d3421b3ff29cc7b7de1e695ebfe","","0","0","0","0.00001086","0.0412219582204977","","","","0xd0847fae",""
"0xc3fc701a879d48927f3764d29fd54cfe3e7a635356714f1127a1d48a8f8a6342","50468796","1717330301","2024-06-02 12:11:41","0x77d39851630069f55e4caacc1db793c7973e7876","0x33a539e2469c8d3421b3ff29cc7b7de1e695ebfe","","0","0","0","0.00000892","0.0338581829951049","","","","0xceaa3182",""
"0xecc52fde44ccbd0aba0798fd53b5dadb6ef29437dd13a34f0af7a733d55bec27","50468852","1717330315","2024-06-02 12:11:55","0x77d39851630069f55e4caacc1db793c7973e7876","0x33a539e2469c8d3421b3ff29cc7b7de1e695ebfe","","0","0","0","0.00001086","0.0412219582204977","","","","0xd0847fae",""
"0xe48eeed6e4e5f61270afd8ce3618ae2509b646ae13af64d567d1fd5d711d46e6","50468860","1717330317","2024-06-02 12:11:57","0x77d39851630069f55e4caacc1db793c7973e7876","0x33a539e2469c8d3421b3ff29cc7b7de1e695ebfe","","0","0","0","0.00000892","0.0338581829951049","","","","0xceaa3182",""
"0xd29a115529fc619132ef60dda870ff6c587133cc3cdd662e3fb1deb722a5b576","50468921","1717330333","2024-06-02 12:12:13","0x77d39851630069f55e4caacc1db793c7973e7876","0x33a539e2469c8d3421b3ff29cc7b7de1e695ebfe","","0","0","0","0.00001086","0.0412219582204977","","","","0xd0847fae",""
"0xee0552333313044fc8893ee2bfe07842a6eee5cc51f5cbcb0d6d6279ecc57d1c","50468929","1717330335","2024-06-02 12:12:15","0x77d39851630069f55e4caacc1db793c7973e7876","0x33a539e2469c8d3421b3ff29cc7b7de1e695ebfe","","0","0","0","0.00000892","0.0338581829951049","","","","0xceaa3182",""
"0x4aa31e7a7c8fc12914721e2d49f885b42b721f498030e0afc55aec2ed3f90aa2","50468990","1717330351","2024-06-02 12:12:31","0x77d39851630069f55e4caacc1db793c7973e7876","0x33a539e2469c8d3421b3ff29cc7b7de1e695ebfe","","0","0","0","0.00001086","0.0412219582204977","","","","0xd0847fae",""
"0x82503a6471d2d4f754e7b87fedb043d1f34ce4cdbdf64d5bc13afb61ab2102e4","50468998","1717330353","2024-06-02 12:12:33","0x77d39851630069f55e4caacc1db793c7973e7876","0x33a539e2469c8d3421b3ff29cc7b7de1e695ebfe","","0","0","0","0.00000892","0.0338581829951049","","","","0xceaa3182",""
"0xb500dbf2b9ad55925c657b9c9d7de283b01d3ddf807f3759e4a80222b456ffb7","50469057","1717330368","2024-06-02 12:12:48","0x77d39851630069f55e4caacc1db793c7973e7876","0x33a539e2469c8d3421b3ff29cc7b7de1e695ebfe","","0","0","0","0.00001086","0.0412219582204977","","","","0xd0847fae",""
"0x8740b81ad7edc7a585772189f8151395c996a7fc53c94fa60774d8f257066fcc","50469065","1717330370","2024-06-02 12:12:50","0x77d39851630069f55e4caacc1db793c7973e7876","0x33a539e2469c8d3421b3ff29cc7b7de1e695ebfe","","0","0","0","0.00000892","0.0338581829951049","","","","0xceaa3182",""
"0x7f00d767cd7af3937b9d5c204d09a0b3f88d9168a85731e3b6c5e0451854bb59","50469121","1717330384","2024-06-02 12:13:04","0x77d39851630069f55e4caacc1db793c7973e7876","0x33a539e2469c8d3421b3ff29cc7b7de1e695ebfe","","0","0","0","0.00001086","0.0412219582204977","","","","0xd0847fae",""
"0x777626d19991275292fc85d58da433ae51956a96816bb9a94cd3ffec5d7bb6a9","50469131","1717330387","2024-06-02 12:13:07","0x77d39851630069f55e4caacc1db793c7973e7876","0x33a539e2469c8d3421b3ff29cc7b7de1e695ebfe","","0","0","0","0.00000892","0.0338581829951049","","","","0xceaa3182",""
"0xf81571925263fbe09dca35f68f820d3b714fd0c887b8ad349577503473c08eb9","50469185","1717330401","2024-06-02 12:13:21","0x77d39851630069f55e4caacc1db793c7973e7876","0x33a539e2469c8d3421b3ff29cc7b7de1e695ebfe","","0","0","0","0.00001086","0.0412219582204977","","","","0xd0847fae",""
"0x359c54b48837e101c82e350e9d36d9ec60c4000a9c0180d280e0405ce13833f5","50469194","1717330403","2024-06-02 12:13:23","0x77d39851630069f55e4caacc1db793c7973e7876","0x33a539e2469c8d3421b3ff29cc7b7de1e695ebfe","","0","0","0","0.00000892","0.0338581829951049","","","","0xceaa3182",""
"0x271144e39469735aef3c66bfa3543074b59626a1bfaa25b2f75aa608abc07420","50469249","1717330417","2024-06-02 12:13:37","0x77d39851630069f55e4caacc1db793c7973e7876","0x33a539e2469c8d3421b3ff29cc7b7de1e695ebfe","","0","0","0","0.00001086","0.0412219582204977","","","","0xd0847fae",""
"0xf39af7ae3c49ed7c864b4f2c28b15c126d974d8553000e1a2d8efa1aceea164e","50469255","1717330419","2024-06-02 12:13:39","0x77d39851630069f55e4caacc1db793c7973e7876","0x33a539e2469c8d3421b3ff29cc7b7de1e695ebfe","","0","0","0","0.00000892","0.0338581829951049","","","","0xceaa3182",""
"0x90b5c243a2c4e8e02983d395ce44bf5f27f0f2cd1aaf81076871b13dcbc1e079","50469311","1717330433","2024-06-02 12:13:53","0x77d39851630069f55e4caacc1db793c7973e7876","0x33a539e2469c8d3421b3ff29cc7b7de1e695ebfe","","0","0","0","0.00001086","0.0412219582204977","","","","0xd0847fae",""
"0xf8a91712638f0f0c3385c854d6bd0fd7cbd21684ff76dee65be9e7cc4f3eda32","50469319","1717330435","2024-06-02 12:13:55","0x77d39851630069f55e4caacc1db793c7973e7876","0x33a539e2469c8d3421b3ff29cc7b7de1e695ebfe","","0","0","0","0.00000892","0.0338581829951049","","","","0xceaa3182",""
"0xf3a3afce8c7386dcf76b5ce464094254a5b654c53f4ea41907a5323f7203076e","50469375","1717330449","2024-06-02 12:14:09","0x77d39851630069f55e4caacc1db793c7973e7876","0x33a539e2469c8d3421b3ff29cc7b7de1e695ebfe","","0","0","0","0.00001086","0.0412219582204977","","","","0xd0847fae",""
"0x730b4113cd4957abe46444bcf47e8cd0a51f67a2100bbc130c884d38dc12bd57","50469383","1717330451","2024-06-02 12:14:11","0x77d39851630069f55e4caacc1db793c7973e7876","0x33a539e2469c8d3421b3ff29cc7b7de1e695ebfe","","0","0","0","0.00000892","0.0338581829951049","","","","0xceaa3182",""
"0x4d87cd525ffa31d97e443b295ed409e9008265782160c2b3d19e466d9dd36a65","50469440","1717330466","2024-06-02 12:14:26","0x77d39851630069f55e4caacc1db793c7973e7876","0x33a539e2469c8d3421b3ff29cc7b7de1e695ebfe","","0","0","0","0.00001086","0.0412219582204977","","","","0xd0847fae",""
"0xccbe723d5b6cfb2955592436f59906d3e8151f00a1a9c796888b5508e0aaea98","50469449","1717330468","2024-06-02 12:14:28","0x77d39851630069f55e4caacc1db793c7973e7876","0x33a539e2469c8d3421b3ff29cc7b7de1e695ebfe","","0","0","0","0.00000892","0.0338581829951049","","","","0xceaa3182",""
"0xabcac4ccc993b7ec5f6869d0f73ea2769e4c7f7fae70508d7caaf8dd0948bd78","50469501","1717330482","2024-06-02 12:14:42","0x77d39851630069f55e4caacc1db793c7973e7876","0x33a539e2469c8d3421b3ff29cc7b7de1e695ebfe","","0","0","0","0.00001086","0.0412219582204977","","","","0xd0847fae",""
"0xaa2dbb7542393172e4954e6ecccc66357634193e09365ffbcec172ffeaea0b37","50469508","1717330483","2024-06-02 12:14:43","0x77d39851630069f55e4caacc1db793c7973e7876","0x33a539e2469c8d3421b3ff29cc7b7de1e695ebfe","","0","0","0","0.00000892","0.0338581829951049","","","","0xceaa3182",""
"0x2e96dc6c27c8af2a4bd644b6de2f1aa6ca54c5cffdd892c997a57c5fc33c5b09","50469561","1717330497","2024-06-02 12:14:57","0x77d39851630069f55e4caacc1db793c7973e7876","0x33a539e2469c8d3421b3ff29cc7b7de1e695ebfe","","0","0","0","0.00001086","0.0412219582204977","","","","0xd0847fae",""
"0x6e84aa282dd05d2ea3486f653f648443836b6c8a325ec1f9a77265cf069d1946","50469569","1717330499","2024-06-02 12:14:59","0x77d39851630069f55e4caacc1db793c7973e7876","0x33a539e2469c8d3421b3ff29cc7b7de1e695ebfe","","0","0","0","0.00000892","0.0338581829951049","","","","0xceaa3182",""
"0x188a0cbdfeb7419a77be05cc65bd0ac11b6a89bbbe6374e3c0be40c1fb0aa6ca","50469624","1717330513","2024-06-02 12:15:13","0x77d39851630069f55e4caacc1db793c7973e7876","0x33a539e2469c8d3421b3ff29cc7b7de1e695ebfe","","0","0","0","0.00001086","0.0412219582204977","","","","0xd0847fae",""
"0x8c70f1089563d1bc42425aad98447c563655425e6f59d8444bce647551214fca","50469631","1717330515","2024-06-02 12:15:15","0x77d39851630069f55e4caacc1db793c7973e7876","0x33a539e2469c8d3421b3ff29cc7b7de1e695ebfe","","0","0","0","0.00000892","0.0338581829951049","","","","0xceaa3182",""
"0x2e37633078e3673cb1cdc9d4f8c6213f8e01a92cae647203c9007ae39d207ba2","50469686","1717330529","2024-06-02 12:15:29","0x77d39851630069f55e4caacc1db793c7973e7876","0x33a539e2469c8d3421b3ff29cc7b7de1e695ebfe","","0","0","0","0.00001086","0.0412219582204977","","","","0xd0847fae",""
"0xb453f32b9501767579c1fbaa180c8d972d2d45beb59008ed2e5a04908b352260","50469693","1717330531","2024-06-02 12:15:31","0x77d39851630069f55e4caacc1db793c7973e7876","0x33a539e2469c8d3421b3ff29cc7b7de1e695ebfe","","0","0","0","0.00000892","0.0338581829951049","","","","0xceaa3182",""
"0xb8476fc693c29ecf358ec8959f71b9b1469c2d2e3558eddc4bd5c3e8b34977b5","50469748","1717330545","2024-06-02 12:15:45","0x77d39851630069f55e4caacc1db793c7973e7876","0x33a539e2469c8d3421b3ff29cc7b7de1e695ebfe","","0","0","0","0.00001086","0.0412219582204977","","","","0xd0847fae",""
"0x4995c424afc7184ee1fca7a06e8b0691457717b7b6908229affacd014b623b8c","50469758","1717330547","2024-06-02 12:15:47","0x77d39851630069f55e4caacc1db793c7973e7876","0x33a539e2469c8d3421b3ff29cc7b7de1e695ebfe","","0","0","0","0.00000892","0.0338581829951049","","","","0xceaa3182",""
"0xe8e1c3e687ecca28a9159bf0f890c8c18c85170ad22898abd897271a71b921b0","50469810","1717330562","2024-06-02 12:16:02","0x77d39851630069f55e4caacc1db793c7973e7876","0x33a539e2469c8d3421b3ff29cc7b7de1e695ebfe","","0","0","0","0.00001086","0.0412219582204977","","","","0xd0847fae",""
"0xb7413f6ad0ebe825249195623100a425015b4bfc0070d3535fe2760c0fdeb1a5","50469818","1717330564","2024-06-02 12:16:04","0x77d39851630069f55e4caacc1db793c7973e7876","0x33a539e2469c8d3421b3ff29cc7b7de1e695ebfe","","0","0","0","0.00000892","0.0338581829951049","","","","0xceaa3182",""
"0x49116a324dbfbb6e84b9c881bc317a59e17bcf52c3ed0b4e853c643aa8795994","50469884","1717330578","2024-06-02 12:16:18","0x77d39851630069f55e4caacc1db793c7973e7876","0x33a539e2469c8d3421b3ff29cc7b7de1e695ebfe","","0","0","0","0.0000073","0.0277090511058594","","","","0xd0847fae",""
"0x288a8d0386a223c6afbed0fdbd4fb35236d27b910dcec4fc361ff561c2bd0f9b","50469891","1717330580","2024-06-02 12:16:20","0x77d39851630069f55e4caacc1db793c7973e7876","0x33a539e2469c8d3421b3ff29cc7b7de1e695ebfe","","0","0","0","0.00000589","0.0223570289059605","","","","0xceaa3182",""
"0xfe8e71c09f231cada966e9be0f4ffeed67cac30cd7069e03c764aef44a5fe851","50469946","1717330594","2024-06-02 12:16:34","0x77d39851630069f55e4caacc1db793c7973e7876","0x33a539e2469c8d3421b3ff29cc7b7de1e695ebfe","","0","0","0","0.0000073","0.0277090511058594","","","","0xd0847fae",""
"0x0c27ea90d7a4a7434c7cd6ad5dc2f35531e4c7a5f008f35cb30937dfd1371834","50469954","1717330596","2024-06-02 12:16:36","0x77d39851630069f55e4caacc1db793c7973e7876","0x33a539e2469c8d3421b3ff29cc7b7de1e695ebfe","","0","0","0","0.00000589","0.0223570289059605","","","","0xceaa3182",""
"0x623cd41b6e46d90d76126a5a09a34adeff9332a701c2203f90bf6abfd708ff36","50470013","1717330611","2024-06-02 12:16:51","0x77d39851630069f55e4caacc1db793c7973e7876","0x33a539e2469c8d3421b3ff29cc7b7de1e695ebfe","","0","0","0","0.0000073","0.0277090511058594","","","","0xd0847fae",""
"0x584577fe62f98c479a6fe749a6a9236aa7fda93ac90d08a707e9f9afb409e96e","50470022","1717330613","2024-06-02 12:16:53","0x77d39851630069f55e4caacc1db793c7973e7876","0x33a539e2469c8d3421b3ff29cc7b7de1e695ebfe","","0","0","0","0.00000589","0.0223570289059605","","","","0xceaa3182",""
"0x55575658a0d06da37820eede2557043654bc2aeebab1b4c4be4a33eceed5c01c","50470072","1717330626","2024-06-02 12:17:06","0x77d39851630069f55e4caacc1db793c7973e7876","0x33a539e2469c8d3421b3ff29cc7b7de1e695ebfe","","0","0","0","0.0000073","0.0277090511058594","","","","0xd0847fae",""
"0x5f66012979fd21979e71ebfe2fab211f89cd08c68fa3abcb5db37b723b42cf37","50470080","1717330628","2024-06-02 12:17:08","0x77d39851630069f55e4caacc1db793c7973e7876","0x33a539e2469c8d3421b3ff29cc7b7de1e695ebfe","","0","0","0","0.00000589","0.0223570289059605","","","","0xceaa3182",""
"0xfc2c46868d094488ea0967cdd2249f8ab65f98d503fdee0792620337b9b5437f","50470135","1717330643","2024-06-02 12:17:23","0x77d39851630069f55e4caacc1db793c7973e7876","0x33a539e2469c8d3421b3ff29cc7b7de1e695ebfe","","0","0","0","0.0000073","0.0277090511058594","","","","0xd0847fae",""
"0x69e1e4359ac0bf6967226df0b96a303a7f63e252772ad4d73f63e8e7a61d9130","50470144","1717330645","2024-06-02 12:17:25","0x77d39851630069f55e4caacc1db793c7973e7876","0x33a539e2469c8d3421b3ff29cc7b7de1e695ebfe","","0","0","0","0.00000589","0.0223570289059605","","","","0xceaa3182",""
"0xa3d488d97437f03f43f14d59a68603c676fba2889763ce3732f5131e426a358f","50470199","1717330659","2024-06-02 12:17:39","0x77d39851630069f55e4caacc1db793c7973e7876","0x33a539e2469c8d3421b3ff29cc7b7de1e695ebfe","","0","0","0","0.0000073","0.0277090511058594","","","","0xd0847fae",""
"0xd33fba4f8e6771737c61940e0200d171dca7e8242499c28defea5fcf25fc49fb","50470208","1717330662","2024-06-02 12:17:42","0x77d39851630069f55e4caacc1db793c7973e7876","0x33a539e2469c8d3421b3ff29cc7b7de1e695ebfe","","0","0","0","0.00000589","0.0223570289059605","","","","0xceaa3182",""
"0x4f383ef28b518713c4193f39bf7451e15f299c8bca5d642e3048070ba9dbdd30","50470262","1717330676","2024-06-02 12:17:56","0x77d39851630069f55e4caacc1db793c7973e7876","0x33a539e2469c8d3421b3ff29cc7b7de1e695ebfe","","0","0","0","0.0000073","0.0277090511058594","","","","0xd0847fae",""
"0x89390736df29b98e6d4ffe344c67c04354828a430e8d387ea7182ea893a5a6db","50470269","1717330677","2024-06-02 12:17:57","0x77d39851630069f55e4caacc1db793c7973e7876","0x33a539e2469c8d3421b3ff29cc7b7de1e695ebfe","","0","0","0","0.00000589","0.0223570289059605","","","","0xceaa3182",""
"0x811d64b533a13bbf4752c1bd71b5e145c540c40aabdea80ffae6d7877d80aa79","50470327","1717330692","2024-06-02 12:18:12","0x77d39851630069f55e4caacc1db793c7973e7876","0x33a539e2469c8d3421b3ff29cc7b7de1e695ebfe","","0","0","0","0.0000073","0.0277090511058594","","","","0xd0847fae",""
"0xd7d5ccb2c9c0b4967b6c956b84e7bcecfa7555e3e1fabcb14f34df821aab041a","50470334","1717330694","2024-06-02 12:18:14","0x77d39851630069f55e4caacc1db793c7973e7876","0x33a539e2469c8d3421b3ff29cc7b7de1e695ebfe","","0","0","0","0.00000589","0.0223570289059605","","","","0xceaa3182",""
"0x8a269599d60bc85040eed4b27eb35e5ff8c7d2ea6aca6b53a0d6b7ff7454213e","50470386","1717330708","2024-06-02 12:18:28","0x77d39851630069f55e4caacc1db793c7973e7876","0x33a539e2469c8d3421b3ff29cc7b7de1e695ebfe","","0","0","0","0.0000073","0.0277090511058594","","","","0xd0847fae",""
"0x5430f3ca7a197dce3a375497c6a0057d1cc2e55b04ec7655237a739299d34f7b","50470395","1717330710","2024-06-02 12:18:30","0x77d39851630069f55e4caacc1db793c7973e7876","0x33a539e2469c8d3421b3ff29cc7b7de1e695ebfe","","0","0","0","0.00000589","0.0223570289059605","","","","0xceaa3182",""
"0xeac985001413f07f451e3c96f8e480bfb9f6a92d202a072ea329ffcc00e2b8cf","50470450","1717330724","2024-06-02 12:18:44","0x77d39851630069f55e4caacc1db793c7973e7876","0x33a539e2469c8d3421b3ff29cc7b7de1e695ebfe","","0","0","0","0.0000073","0.0277090511058594","","","","0xd0847fae",""
"0x858e8850258ff8657740da4835d2c49d8ac4a788cd1322d280c7b995a39b3ec2","50470459","1717330726","2024-06-02 12:18:46","0x77d39851630069f55e4caacc1db793c7973e7876","0x33a539e2469c8d3421b3ff29cc7b7de1e695ebfe","","0","0","0","0.00000589","0.0223570289059605","","","","0xceaa3182",""
"0x87e329f40ad79f720c3093cee02007e2954843a60295951544146bc819eecc02","50470517","1717330741","2024-06-02 12:19:01","0x77d39851630069f55e4caacc1db793c7973e7876","0x33a539e2469c8d3421b3ff29cc7b7de1e695ebfe","","0","0","0","0.0000073","0.0277090511058594","","","","0xd0847fae",""
"0x5b3a6ba8eefdaf606eae3288b9a58fa417baca5b7bc0174f6a37c9fcd68c2d7e","50470525","1717330743","2024-06-02 12:19:03","0x77d39851630069f55e4caacc1db793c7973e7876","0x33a539e2469c8d3421b3ff29cc7b7de1e695ebfe","","0","0","0","0.00000589","0.0223570289059605","","","","0xceaa3182",""
"0x25c2ce92472dd52695170e142f97f9bf7846d7fbf4fff7ed052791286389ac85","50470579","1717330756","2024-06-02 12:19:16","0x77d39851630069f55e4caacc1db793c7973e7876","0x33a539e2469c8d3421b3ff29cc7b7de1e695ebfe","","0","0","0","0.0000073","0.0277090511058594","","","","0xd0847fae",""
"0x47819a54260ecff6967c844ed807778d822ae7ae9390d10364b2f0fbebcbe665","50470587","1717330758","2024-06-02 12:19:18","0x77d39851630069f55e4caacc1db793c7973e7876","0x33a539e2469c8d3421b3ff29cc7b7de1e695ebfe","","0","0","0","0.00000589","0.0223570289059605","","","","0xceaa3182",""
"0xeabcc398fa69bba5094eac7a861ddab209d8ece74b755153fc3efc82be94bd7a","50470641","1717330773","2024-06-02 12:19:33","0x77d39851630069f55e4caacc1db793c7973e7876","0x33a539e2469c8d3421b3ff29cc7b7de1e695ebfe","","0","0","0","0.0000073","0.0277090511058594","","","","0xd0847fae",""
"0xd23cf6aac3ca08b70b0c2b41c7df6cf196b593b1beec14bb1ab283f4584799ac","50470648","1717330775","2024-06-02 12:19:35","0x77d39851630069f55e4caacc1db793c7973e7876","0x33a539e2469c8d3421b3ff29cc7b7de1e695ebfe","","0","0","0","0.00000589","0.0223570289059605","","","","0xceaa3182",""
"0x20fcefbdd0efa5801ebe6a5722adaf2d0925b74bbce6b575c49865ccc5787a08","50470703","1717330788","2024-06-02 12:19:48","0x77d39851630069f55e4caacc1db793c7973e7876","0x33a539e2469c8d3421b3ff29cc7b7de1e695ebfe","","0","0","0","0.0000073","0.0277090511058594","","","","0xd0847fae",""
"0x8b4831783b4d6847ebc6034d2ec075eaf9a389b8baf67ae44a723f69696e6491","50470711","1717330790","2024-06-02 12:19:50","0x77d39851630069f55e4caacc1db793c7973e7876","0x33a539e2469c8d3421b3ff29cc7b7de1e695ebfe","","0","0","0","0.00000589","0.0223570289059605","","","","0xceaa3182",""
"0x1958761640c54f160fac9b60464835f009d5d0cdc8f30ddf4703738b8c14ab21","50470764","1717330804","2024-06-02 12:20:04","0x77d39851630069f55e4caacc1db793c7973e7876","0x33a539e2469c8d3421b3ff29cc7b7de1e695ebfe","","0","0","0","0.0000073","0.0277090511058594","","","","0xd0847fae",""
"0x80213761f5c7d1bd859fc116694252250b956371e9a97e17bc7f6fcdcd3e6521","50470772","1717330806","2024-06-02 12:20:06","0x77d39851630069f55e4caacc1db793c7973e7876","0x33a539e2469c8d3421b3ff29cc7b7de1e695ebfe","","0","0","0","0.00000589","0.0223570289059605","","","","0xceaa3182",""
"0xaacf95c1c07968c583da3e152b1266b3e3f3a1c396329435ad3891aae9bd9ea9","50470823","1717330819","2024-06-02 12:20:19","0x77d39851630069f55e4caacc1db793c7973e7876","0x33a539e2469c8d3421b3ff29cc7b7de1e695ebfe","","0","0","0","0.0000073","0.0277090511058594","","","","0xd0847fae",""
"0x2d2be2fcfb03895029f782d4eae8651875b820ae3710466f699dbed5de1ce448","50470831","1717330821","2024-06-02 12:20:21","0x77d39851630069f55e4caacc1db793c7973e7876","0x33a539e2469c8d3421b3ff29cc7b7de1e695ebfe","","0","0","0","0.00000589","0.0223570289059605","","","","0xceaa3182",""
"0x9b317886f4116fd6a7c84a7ca323d8bb282cc982652be1976ee6f1028f11ff81","50470887","1717330835","2024-06-02 12:20:35","0x77d39851630069f55e4caacc1db793c7973e7876","0x33a539e2469c8d3421b3ff29cc7b7de1e695ebfe","","0","0","0","0.0000073","0.0277090511058594","","","","0xd0847fae",""
"0x4874426d753d59557c1565c4052f58bfa3af0397070adf876ed0e2affe5deb14","50470893","1717330837","2024-06-02 12:20:37","0x77d39851630069f55e4caacc1db793c7973e7876","0x33a539e2469c8d3421b3ff29cc7b7de1e695ebfe","","0","0","0","0.00000589","0.0223570289059605","","","","0xceaa3182",""
"0x71a2d3f8f304ba5dd610c4f2b5961e19d375e205bc4553235daaee1d1c2dfeb7","50470951","1717330852","2024-06-02 12:20:52","0x77d39851630069f55e4caacc1db793c7973e7876","0x33a539e2469c8d3421b3ff29cc7b7de1e695ebfe","","0","0","0","0.0000073","0.0277090511058594","","","","0xd0847fae",""
"0xbd5859b4e1b6dfbee81f3570b68e7798028e0987321ab06ee0fbb6f387c3b557","50470959","1717330854","2024-06-02 12:20:54","0x77d39851630069f55e4caacc1db793c7973e7876","0x33a539e2469c8d3421b3ff29cc7b7de1e695ebfe","","0","0","0","0.00000589","0.0223570289059605","","","","0xceaa3182",""
