"Txhash","Blockno","UnixTimestamp","DateTime (UTC)","From","To","ContractAddress","Value_IN(ETH)","Value_OUT(ETH)","CurrentValue @ $1850.2/ETH","TxnFee(ETH)","TxnFee(USD)","Historical $Price/ETH","Status","ErrCode","Method"
"0x21d30ef0f87cb1c4cf52ee7be97772cbc34c0c47bef58a9307b277081ba25fcd","12723803","1717250146","2024-06-01 13:55:46","0x5fc9e2028472c4419677ffab72cd81136aaf915a","0xfaccee15674f28533b71cb45eef7909d0297ca29","","0","0","0","0.000000062652685464","0.000115919998645493","","","","0x50a24a00"
"0xb0e00c719fa19506e0bfd7d1dd7ba1b62e6f139d1307d66fde5424a0e7ff4978","12723807","1717250154","2024-06-01 13:55:54","0x5fc9e2028472c4419677ffab72cd81136aaf915a","0xfaccee15674f28533b71cb45eef7909d0297ca29","","0","0","0","0.000000072735306264","0.000134574863649653","","","","0x50a24a00"
"0xb62b1f64018e959e9bbc07f87148961a34ec8c1ab120cbccf3dc0c780d15fb5a","12723811","1717250162","2024-06-01 13:56:02","0x5fc9e2028472c4419677ffab72cd81136aaf915a","0xfaccee15674f28533b71cb45eef7909d0297ca29","","0","0","0","0.000000072735306264","0.000134574863649653","","","","0x50a24a00"
"0x335234fa5aa61a689bd6fb8b84deb947c230ec57640734d6b454ec8dcd55c906","12723815","1717250170","2024-06-01 13:56:10","0x5fc9e2028472c4419677ffab72cd81136aaf915a","0xfaccee15674f28533b71cb45eef7909d0297ca29","","0","0","0","0.000000072735306264","0.000134574863649653","","","","0x50a24a00"
"0x98aa1391dcc40a59529715ade5dca1b350752a3e38b39853f8e55d91bdbf9aad","12723819","1717250178","2024-06-01 13:56:18","0x5fc9e2028472c4419677ffab72cd81136aaf915a","0xfaccee15674f28533b71cb45eef7909d0297ca29","","0","0","0","0.000000072735306264","0.000134574863649653","","","","0x50a24a00"
"0x697cca7aee6e5e36505e651aa88434bfb5f23ffd67514c623f44eabcbc9176eb","12723823","1717250186","2024-06-01 13:56:26","0x5fc9e2028472c4419677ffab72cd81136aaf915a","0xfaccee15674f28533b71cb45eef7909d0297ca29","","0","0","0","0.000000072735306264","0.000134574863649653","","","","0x50a24a00"
"0x495d3f7fd0f21b6652070b253faac5c21cc19fc403e6d8cbd5c76bedc7c4a167","12723827","1717250194","2024-06-01 13:56:34","0x5fc9e2028472c4419677ffab72cd81136aaf915a","0xfaccee15674f28533b71cb45eef7909d0297ca29","","0","0","0","0.000000072735306264","0.000134574863649653","","","","0x50a24a00"
"0x456f71264b3bcbe355a3fe444b4de6f68482c27740a5cdd2f8fe5c4cc69988e7","12723831","1717250202","2024-06-01 13:56:42","0x5fc9e2028472c4419677ffab72cd81136aaf915a","0xfaccee15674f28533b71cb45eef7909d0297ca29","","0","0","0","0.000000072735306264","0.000134574863649653","","","","0x50a24a00"
"0x797fb35ef7cf66c592f4ba2596ba320166cb86f6a89fd360a7fa9d7245347683","12723835","1717250210","2024-06-01 13:56:50","0x5fc9e2028472c4419677ffab72cd81136aaf915a","0xfaccee15674f28533b71cb45eef7909d0297ca29","","0","0","0","0.000000072735306264","0.000134574863649653","","","","0x50a24a00"
"0x85bc6c870a81f62fbe8d81b3cd0f8b5a0acb1464d1f2b58247e36a4109b4aacb","12723839","1717250218","2024-06-01 13:56:58","0x5fc9e2028472c4419677ffab72cd81136aaf915a","0xfaccee15674f28533b71cb45eef7909d0297ca29","","0","0","0","0.000000072778517496","0.000134654813071099","","","","0x50a24a00"
"0x9514867a87d77eb8cc8f26bd4651b6a1c3040ab795b3d1359f9afb194192babf","12723843","1717250226","2024-06-01 13:57:06","0x5fc9e2028472c4419677ffab72cd81136aaf915a","0xfaccee15674f28533b71cb45eef7909d0297ca29","","0","0","0","0.000000072778517496","0.000134654813071099","","","","0x50a24a00"
"0xc6b0c7cffe618ac7edf08dccb1a6b88a71f7a18f43a45bfe8ccf1a04b0831f80","12723847","1717250234","2024-06-01 13:57:14","0x5fc9e2028472c4419677ffab72cd81136aaf915a","0xfaccee15674f28533b71cb45eef7909d0297ca29","","0","0","0","0.000000072778517496","0.000134654813071099","","","","0x50a24a00"
"0x305b11789341aa07df88dd4f167d649d8a031fdd99621de85f4a80d9e95097fe","12723851","1717250242","2024-06-01 13:57:22","0x5fc9e2028472c4419677ffab72cd81136aaf915a","0xfaccee15674f28533b71cb45eef7909d0297ca29","","0","0","0","0.000000072778578129","0.000134654925254276","","","","0x50a24a00"
"0x9fb2e84f4ea874cd33af2501d8630aa3149fe1fab95224fdab756a8cd85463a2","12723855","1717250250","2024-06-01 13:57:30","0x5fc9e2028472c4419677ffab72cd81136aaf915a","0xfaccee15674f28533b71cb45eef7909d0297ca29","","0","0","0","0.000000072778578129","0.000134654925254276","","","","0x50a24a00"
"0x26b7b80a55ef1db3402641fbb019cc3ceefe2072f39cf692c34f9d2c117f2a1b","12723859","1717250258","2024-06-01 13:57:38","0x5fc9e2028472c4419677ffab72cd81136aaf915a","0xfaccee15674f28533b71cb45eef7909d0297ca29","","0","0","0","0.000000072778578129","0.000134654925254276","","","","0x50a24a00"
"0x5f300141f43fabb27e1ae5c30dc84d9c40dd0164d395887c326b49afb1197b35","12723863","1717250266","2024-06-01 13:57:46","0x5fc9e2028472c4419677ffab72cd81136aaf915a","0xfaccee15674f28533b71cb45eef7909d0297ca29","","0","0","0","0.000000072778578129","0.000134654925254276","","","","0x50a24a00"
"0x383ce7320291eb5104f6cbff78042054eb3707f4d042e922940bd57b64e18139","12723867","1717250274","2024-06-01 13:57:54","0x5fc9e2028472c4419677ffab72cd81136aaf915a","0xfaccee15674f28533b71cb45eef7909d0297ca29","","0","0","0","0.000000072778578129","0.000134654925254276","","","","0x50a24a00"
"0x28feed1bba280b5d909740eb2494f9208d336dd638879c4146b3a2302a417b58","12723871","1717250282","2024-06-01 13:58:02","0x5fc9e2028472c4419677ffab72cd81136aaf915a","0xfaccee15674f28533b71cb45eef7909d0297ca29","","0","0","0","0.000000072778578129","0.000134654925254276","","","","0x50a24a00"
"0x503d2b2e452f5ff12bd90df6eac9cd94cae237e586efdc1c210b8fdd91a35d38","12723875","1717250290","2024-06-01 13:58:10","0x5fc9e2028472c4419677ffab72cd81136aaf915a","0xfaccee15674f28533b71cb45eef7909d0297ca29","","0","0","0","0.000000072778578129","0.000134654925254276","","","","0x50a24a00"
"0x662467f6eebd50e6cb4808d233d7b0ce1fad9c2d9b704ab0dc850749ae3efe87","12723879","1717250298","2024-06-01 13:58:18","0x5fc9e2028472c4419677ffab72cd81136aaf915a","0xfaccee15674f28533b71cb45eef7909d0297ca29","","0","0","0","0.000000072778578129","0.000134654925254276","","","","0x50a24a00"
"0x7518134290b94574a821cc8667c35100d2d9625e9fd1b088ad0a80eaaf2c6f83","12723883","1717250306","2024-06-01 13:58:26","0x5fc9e2028472c4419677ffab72cd81136aaf915a","0xfaccee15674f28533b71cb45eef7909d0297ca29","","0","0","0","0.000000072778578129","0.000134654925254276","","","","0x50a24a00"
"0xc49007764dc7a5604e1317eb1c2f8e0feddb2bd9da6627e9cd2f7768ae4177b8","12723887","1717250314","2024-06-01 13:58:34","0x5fc9e2028472c4419677ffab72cd81136aaf915a","0xfaccee15674f28533b71cb45eef7909d0297ca29","","0","0","0","0.000000072778578129","0.000134654925254276","","","","0x50a24a00"
"0xe862b06428b39cfd5f02f09151bfaca8b00b1db364d9e1734d4ce0ce36abeeea","12723891","1717250322","2024-06-01 13:58:42","0x5fc9e2028472c4419677ffab72cd81136aaf915a","0xfaccee15674f28533b71cb45eef7909d0297ca29","","0","0","0","0.000000072778578129","0.000134654925254276","","","","0x50a24a00"
"0xbd812a55bc5963b1044757493a88b6da1f4b3ca99342d1599190be8ada6f40b1","12723895","1717250330","2024-06-01 13:58:50","0x5fc9e2028472c4419677ffab72cd81136aaf915a","0xfaccee15674f28533b71cb45eef7909d0297ca29","","0","0","0","0.000000072778578129","0.000134654925254276","","","","0x50a24a00"
"0xbe46cb8a9b9ae6a6254a1bbeca24ed3569a9ce35f2de1d1e2e00fcee33d6f649","12723899","1717250338","2024-06-01 13:58:58","0x5fc9e2028472c4419677ffab72cd81136aaf915a","0xfaccee15674f28533b71cb45eef7909d0297ca29","","0","0","0","0.000000072778578129","0.000134654925254276","","","","0x50a24a00"
"0xaed7c5bf7a8034307520777c56fc94e8591509fd2d59897d7a5b395f08bf318e","12723903","1717250346","2024-06-01 13:59:06","0x5fc9e2028472c4419677ffab72cd81136aaf915a","0xfaccee15674f28533b71cb45eef7909d0297ca29","","0","0","0","0.000000072778578129","0.000134654925254276","","","","0x50a24a00"
"0x44c1ee147d07baf227d3a4236c25be07e5fb127837130b60a758ab3ce4ed7cc9","12723907","1717250354","2024-06-01 13:59:14","0x5fc9e2028472c4419677ffab72cd81136aaf915a","0xfaccee15674f28533b71cb45eef7909d0297ca29","","0","0","0","0.000000072778578129","0.000134654925254276","","","","0x50a24a00"
"0x29bea9f0267c86a7ce5ee5c2be66c611154cdb046c5146062c9cc2faa59e8ea1","12723911","1717250362","2024-06-01 13:59:22","0x5fc9e2028472c4419677ffab72cd81136aaf915a","0xfaccee15674f28533b71cb45eef7909d0297ca29","","0","0","0","0.000000072778578129","0.000134654925254276","","","","0x50a24a00"
"0xefbea2cf10762f33bc03fe6f4f9aa101a93cc3093f34b4779f79adf6608cd9ed","12723915","1717250370","2024-06-01 13:59:30","0x5fc9e2028472c4419677ffab72cd81136aaf915a","0xfaccee15674f28533b71cb45eef7909d0297ca29","","0","0","0","0.000000072778578129","0.000134654925254276","","","","0x50a24a00"
"0xff4b67b6ac14237d6135b72dd594ba12210c34a5ef4a867f738d924171d39dcc","12723919","1717250378","2024-06-01 13:59:38","0x5fc9e2028472c4419677ffab72cd81136aaf915a","0xfaccee15674f28533b71cb45eef7909d0297ca29","","0","0","0","0.000000072778578129","0.000134654925254276","","","","0x50a24a00"
"0xaceed7018ef5ccc079fa8dcca482b9cec3283fb6d72f1c52213244d6ba3a2f22","12723923","1717250386","2024-06-01 13:59:46","0x5fc9e2028472c4419677ffab72cd81136aaf915a","0xfaccee15674f28533b71cb45eef7909d0297ca29","","0","0","0","0.000000072778578129","0.000134654925254276","","","","0x50a24a00"
"0x84c38b2767132f465e4d74a381a5137e2b9a5b64c19c5b881c2533c052715891","12723927","1717250394","2024-06-01 13:59:54","0x5fc9e2028472c4419677ffab72cd81136aaf915a","0xfaccee15674f28533b71cb45eef7909d0297ca29","","0","0","0","0.000000072778578129","0.000134654925254276","","","","0x50a24a00"
"0xf33134267a4dc3c2bb94ffd1ddb747c07f61a17c8426fc5e5d3cd7dabae921a0","12723931","1717250402","2024-06-01 14:00:02","0x5fc9e2028472c4419677ffab72cd81136aaf915a","0xfaccee15674f28533b71cb45eef7909d0297ca29","","0","0","0","0.000000072778578129","0.000134654925254276","","","","0x50a24a00"
"0x992e529ea2a208e459657a63495e329c5a73e81345705c544b7cef5ef33ed137","12723935","1717250410","2024-06-01 14:00:10","0x5fc9e2028472c4419677ffab72cd81136aaf915a","0xfaccee15674f28533b71cb45eef7909d0297ca29","","0","0","0","0.000000072778578129","0.000134654925254276","","","","0x50a24a00"
"0x255961ac585f047f29ce3c0dbb42070ea4b8b3e583e08abe51849bdae5d1e1e8","12723939","1717250418","2024-06-01 14:00:18","0x5fc9e2028472c4419677ffab72cd81136aaf915a","0xfaccee15674f28533b71cb45eef7909d0297ca29","","0","0","0","0.000000072778578129","0.000134654925254276","","","","0x50a24a00"
"0x821b541311e3fa5cce5d6a337568737eed401568572820cc256bb7547fc331b1","12723943","1717250426","2024-06-01 14:00:26","0x5fc9e2028472c4419677ffab72cd81136aaf915a","0xfaccee15674f28533b71cb45eef7909d0297ca29","","0","0","0","0.000000072778578129","0.000134654925254276","","","","0x50a24a00"
"0x0d1a516d13fe31e2f358103acd57a4145f0cfed2f9df4a19677f36af057d0bcb","12723947","1717250434","2024-06-01 14:00:34","0x5fc9e2028472c4419677ffab72cd81136aaf915a","0xfaccee15674f28533b71cb45eef7909d0297ca29","","0","0","0","0.000000072778578129","0.000134654925254276","","","","0x50a24a00"
"0xa5e77f053c987af57b3a45be142bcf8b7f7e9c859fdba557886ab755ffb214f9","12723951","1717250442","2024-06-01 14:00:42","0x5fc9e2028472c4419677ffab72cd81136aaf915a","0xfaccee15674f28533b71cb45eef7909d0297ca29","","0","0","0","0.000000072778638762","0.000134655037437452","","","","0x50a24a00"
"0x784c13ff71be0e783eb5843f424b05920e8d8c8d5f7f287ebb39c0049aacc14f","12723955","1717250450","2024-06-01 14:00:50","0x5fc9e2028472c4419677ffab72cd81136aaf915a","0xfaccee15674f28533b71cb45eef7909d0297ca29","","0","0","0","0.000000072778638762","0.000134655037437452","","","","0x50a24a00"
"0x822ddb39fc78797d8be5b427f6924f45a1a001a735d301928f86c0b7b7c5fb0f","12723959","1717250458","2024-06-01 14:00:58","0x5fc9e2028472c4419677ffab72cd81136aaf915a","0xfaccee15674f28533b71cb45eef7909d0297ca29","","0","0","0","0.000000072778638762","0.000134655037437452","","","","0x50a24a00"
"0x4ec9f5001346977fe9559707ea989b7a6c23ee2e6ba039ed04d5ea38efd0e058","12723963","1717250466","2024-06-01 14:01:06","0x5fc9e2028472c4419677ffab72cd81136aaf915a","0xfaccee15674f28533b71cb45eef7909d0297ca29","","0","0","0","0.000000072778638762","0.000134655037437452","","","","0x50a24a00"
"0xe43d69b3b64956743cfd23eeede9c48791c9c13cb82067b641fc6e0bfedc3003","12723967","1717250474","2024-06-01 14:01:14","0x5fc9e2028472c4419677ffab72cd81136aaf915a","0xfaccee15674f28533b71cb45eef7909d0297ca29","","0","0","0","0.000000072778638762","0.000134655037437452","","","","0x50a24a00"
"0xd443efdcdc6d4bcc71be5e7f372bd11798e3ae1b3f62d012b551e189970bfbd4","12723971","1717250482","2024-06-01 14:01:22","0x5fc9e2028472c4419677ffab72cd81136aaf915a","0xfaccee15674f28533b71cb45eef7909d0297ca29","","0","0","0","0.000000072778638762","0.000134655037437452","","","","0x50a24a00"
"0xddbce4683ffc7b17c82536487f3d1b7ea9099fdabf5863b8574b8582a433a0b7","12723975","1717250490","2024-06-01 14:01:30","0x5fc9e2028472c4419677ffab72cd81136aaf915a","0xfaccee15674f28533b71cb45eef7909d0297ca29","","0","0","0","0.000000072778638762","0.000134655037437452","","","","0x50a24a00"
"0x4c857537896c679066db1dc992f5aee381983a8df2757d49fb3a83a052e59874","12723979","1717250498","2024-06-01 14:01:38","0x5fc9e2028472c4419677ffab72cd81136aaf915a","0xfaccee15674f28533b71cb45eef7909d0297ca29","","0","0","0","0.000000072778638762","0.000134655037437452","","","","0x50a24a00"
"0x2973a78e27b4dbcf2880ce697042261c990caf8fd55e841e3b76a88975f3f73e","12723983","1717250506","2024-06-01 14:01:46","0x5fc9e2028472c4419677ffab72cd81136aaf915a","0xfaccee15674f28533b71cb45eef7909d0297ca29","","0","0","0","0.000000072778638762","0.000134655037437452","","","","0x50a24a00"
"0x768d3220b48635ef42f4bd8d6b5cce898036d2460872c719184d46f33bfffc88","12723987","1717250514","2024-06-01 14:01:54","0x5fc9e2028472c4419677ffab72cd81136aaf915a","0xfaccee15674f28533b71cb45eef7909d0297ca29","","0","0","0","0.000000072778638762","0.000134655037437452","","","","0x50a24a00"
"0x8096f38d5db01f55f88bbf2e31467bb01e0deb26b2642d833041367e98858099","12723991","1717250522","2024-06-01 14:02:02","0x5fc9e2028472c4419677ffab72cd81136aaf915a","0xfaccee15674f28533b71cb45eef7909d0297ca29","","0","0","0","0.000000072778638762","0.000134655037437452","","","","0x50a24a00"
"0x8aaae1543cff749fe6c4b964aa50fded330fc7e7325ef988caf53fd1b7c5b994","12723995","1717250530","2024-06-01 14:02:10","0x5fc9e2028472c4419677ffab72cd81136aaf915a","0xfaccee15674f28533b71cb45eef7909d0297ca29","","0","0","0","0.000000072778638762","0.000134655037437452","","","","0x50a24a00"
"0x3c0bb214b7fd538040ed91d967e64911010d8d27e1963a64e061ea823482214f","12723999","1717250538","2024-06-01 14:02:18","0x5fc9e2028472c4419677ffab72cd81136aaf915a","0xfaccee15674f28533b71cb45eef7909d0297ca29","","0","0","0","0.000000072778638762","0.000134655037437452","","","","0x50a24a00"
"0x032b197717fdbc63568901b79f6328b0d043a25ce55b22841c4154a6fd051635","12724003","1717250546","2024-06-01 14:02:26","0x5fc9e2028472c4419677ffab72cd81136aaf915a","0xfaccee15674f28533b71cb45eef7909d0297ca29","","0","0","0","0.000000072778638762","0.000134655037437452","","","","0x50a24a00"
"0xdfbbf4eb9f671eaf8b753ef3f4f86a507e4706fe135a6ad75147fa5762fb77be","12724007","1717250554","2024-06-01 14:02:34","0x5fc9e2028472c4419677ffab72cd81136aaf915a","0xfaccee15674f28533b71cb45eef7909d0297ca29","","0","0","0","0.000000072778638762","0.000134655037437452","","","","0x50a24a00"
"0xd26cb31fe75e2b7ebc5e43ed99dcdfc0646b073f2f5010f42a3ea962e380181c","12724011","1717250562","2024-06-01 14:02:42","0x5fc9e2028472c4419677ffab72cd81136aaf915a","0xfaccee15674f28533b71cb45eef7909d0297ca29","","0","0","0","0.000000072778638762","0.000134655037437452","","","","0x50a24a00"
"0x3538c43c70c7c4d09fb6ca718da4b395ef4b25eb40380f2768dd85eee2050d1f","12724015","1717250570","2024-06-01 14:02:50","0x5fc9e2028472c4419677ffab72cd81136aaf915a","0xfaccee15674f28533b71cb45eef7909d0297ca29","","0","0","0","0.000000072778699395","0.000134655149620629","","","","0x50a24a00"
"0xc17cabf4335b30373fc8edad54d92cd53aa381583ad7c58386e8c8208a1f0b16","12724019","1717250578","2024-06-01 14:02:58","0x5fc9e2028472c4419677ffab72cd81136aaf915a","0xfaccee15674f28533b71cb45eef7909d0297ca29","","0","0","0","0.000000072778699395","0.000134655149620629","","","","0x50a24a00"
"0xa852caccefd583966231c96b86758c55c8ba1eff5426470c628a8d86fc2c4c95","12724023","1717250586","2024-06-01 14:03:06","0x5fc9e2028472c4419677ffab72cd81136aaf915a","0xfaccee15674f28533b71cb45eef7909d0297ca29","","0","0","0","0.000000072778699395","0.000134655149620629","","","","0x50a24a00"
"0xfde48f6aa60ffb35e33b296ef90b22b03f72a1d095bbe387a9cb63c2c228056b","12724027","1717250594","2024-06-01 14:03:14","0x5fc9e2028472c4419677ffab72cd81136aaf915a","0xfaccee15674f28533b71cb45eef7909d0297ca29","","0","0","0","0.000000072778699395","0.000134655149620629","","","","0x50a24a00"
"0x15a8074d70ac84336a4300d4b8752f47dfc4bcb193849f233a0c2e0d82390236","12724031","1717250602","2024-06-01 14:03:22","0x5fc9e2028472c4419677ffab72cd81136aaf915a","0xfaccee15674f28533b71cb45eef7909d0297ca29","","0","0","0","0.000000072778699395","0.000134655149620629","","","","0x50a24a00"
"0x0012107f0a5bfb66edc4d6af65867f0b3d76dad04a8266ce588f4d805bf9a8eb","12724035","1717250610","2024-06-01 14:03:30","0x5fc9e2028472c4419677ffab72cd81136aaf915a","0xfaccee15674f28533b71cb45eef7909d0297ca29","","0","0","0","0.000000072778699395","0.000134655149620629","","","","0x50a24a00"
"0x54ef896968960d2008013892bcdc8eab2424e5a30ca754e725b67818986859ec","12724039","1717250618","2024-06-01 14:03:38","0x5fc9e2028472c4419677ffab72cd81136aaf915a","0xfaccee15674f28533b71cb45eef7909d0297ca29","","0","0","0","0.000000072778699395","0.000134655149620629","","","","0x50a24a00"
"0x7f91048842f753f55027b17e38c6fdb4831848cb961ba6c6ea30700f82761177","12724043","1717250626","2024-06-01 14:03:46","0x5fc9e2028472c4419677ffab72cd81136aaf915a","0xfaccee15674f28533b71cb45eef7909d0297ca29","","0","0","0","0.000000072778699395","0.000134655149620629","","","","0x50a24a00"
"0xcc9b73c9fc5080723f93bb1f37fcee5c314bb4cc4fd97afd657c680cc5b42d3c","12724047","1717250634","2024-06-01 14:03:54","0x5fc9e2028472c4419677ffab72cd81136aaf915a","0xfaccee15674f28533b71cb45eef7909d0297ca29","","0","0","0","0.000000072778699395","0.000134655149620629","","","","0x50a24a00"
"0x4d9154982afb5c727450dd7c2e3d10c5dd49280512e9c9446518ed26e2797178","12724051","1717250642","2024-06-01 14:04:02","0x5fc9e2028472c4419677ffab72cd81136aaf915a","0xfaccee15674f28533b71cb45eef7909d0297ca29","","0","0","0","0.000000072778699395","0.000134655149620629","","","","0x50a24a00"
"0x4ebb2bfde8e8200e91ca19514b8c227f41b450cd450ae39a5b44253b62455eb8","12724055","1717250650","2024-06-01 14:04:10","0x5fc9e2028472c4419677ffab72cd81136aaf915a","0xfaccee15674f28533b71cb45eef7909d0297ca29","","0","0","0","0.000000072778699395","0.000134655149620629","","","","0x50a24a00"
"0x0596a44261e23e1e5efe119ced2d9e673b6ddf57986ee4256af4e304deee38ee","12724059","1717250658","2024-06-01 14:04:18","0x5fc9e2028472c4419677ffab72cd81136aaf915a","0xfaccee15674f28533b71cb45eef7909d0297ca29","","0","0","0","0.000000072778699395","0.000134655149620629","","","","0x50a24a00"
"0xe1ac4ba5273d772946017d835840411b4887ae93df23e554b1ec120cd5032b0d","12724063","1717250666","2024-06-01 14:04:26","0x5fc9e2028472c4419677ffab72cd81136aaf915a","0xfaccee15674f28533b71cb45eef7909d0297ca29","","0","0","0","0.000000072778699395","0.000134655149620629","","","","0x50a24a00"
"0xab83d96868808cdc89d557c94fb5d9ce25b07ec5ceec8d8da96b2d1fae388e10","12724067","1717250674","2024-06-01 14:04:34","0x5fc9e2028472c4419677ffab72cd81136aaf915a","0xfaccee15674f28533b71cb45eef7909d0297ca29","","0","0","0","0.000000072778699395","0.000134655149620629","","","","0x50a24a00"
"0x6ac97db08de58fbf3c56dbdca737141c3c59b098f59f2f29b48fc22639c1db9b","12724071","1717250682","2024-06-01 14:04:42","0x5fc9e2028472c4419677ffab72cd81136aaf915a","0xfaccee15674f28533b71cb45eef7909d0297ca29","","0","0","0","0.000000072778699395","0.000134655149620629","","","","0x50a24a00"
"0x8fe6330b10a9621ff24e86963a7fdbd7bcf9d4e9e84a58fd7788e875d4836701","12724075","1717250690","2024-06-01 14:04:50","0x5fc9e2028472c4419677ffab72cd81136aaf915a","0xfaccee15674f28533b71cb45eef7909d0297ca29","","0","0","0","0.000000072778699395","0.000134655149620629","","","","0x50a24a00"
"0x4402aa83424b4e825f5e487ca460da672caef792ba912d413ea3ce4dc0d41a39","12724079","1717250698","2024-06-01 14:04:58","0x5fc9e2028472c4419677ffab72cd81136aaf915a","0xfaccee15674f28533b71cb45eef7909d0297ca29","","0","0","0","0.000000072778699395","0.000134655149620629","","","","0x50a24a00"
"0x9a11b84ccb801abef4a6221529110c279d579ced8b723a0b3ef8a94ba272575c","12724083","1717250706","2024-06-01 14:05:06","0x5fc9e2028472c4419677ffab72cd81136aaf915a","0xfaccee15674f28533b71cb45eef7909d0297ca29","","0","0","0","0.000000072778699395","0.000134655149620629","","","","0x50a24a00"
"0xd711fc471c52af085114a9d40e181a6f0b67e2bf9779b82bb6357f4e8dfed902","12724087","1717250714","2024-06-01 14:05:14","0x5fc9e2028472c4419677ffab72cd81136aaf915a","0xfaccee15674f28533b71cb45eef7909d0297ca29","","0","0","0","0.000000072778699395","0.000134655149620629","","","","0x50a24a00"
"0x821cdbbc850da9fe2875a92fa11f3396a4da6784665d915d982da3e2192b3a03","12724091","1717250722","2024-06-01 14:05:22","0x5fc9e2028472c4419677ffab72cd81136aaf915a","0xfaccee15674f28533b71cb45eef7909d0297ca29","","0","0","0","0.000000072778699395","0.000134655149620629","","","","0x50a24a00"
"0x47fe844bb002440422eef4e50c44b3a2a7c8c1e97271d084aaf1e7087158d48e","12724096","1717250732","2024-06-01 14:05:32","0x5fc9e2028472c4419677ffab72cd81136aaf915a","0xfaccee15674f28533b71cb45eef7909d0297ca29","","0","0","0","0.000000072778699395","0.000134655149620629","","","","0x50a24a00"
"0xbda014a7c240d1ce2ff6ee621b150de2e20c586b4286535550c0653622d70525","12724100","1717250740","2024-06-01 14:05:40","0x5fc9e2028472c4419677ffab72cd81136aaf915a","0xfaccee15674f28533b71cb45eef7909d0297ca29","","0","0","0","0.000000072778699395","0.000134655149620629","","","","0x50a24a00"
"0xa435367f866841f528fbf148d629485caef8f09df2555f2046edde17fb18c70b","12724104","1717250748","2024-06-01 14:05:48","0x5fc9e2028472c4419677ffab72cd81136aaf915a","0xfaccee15674f28533b71cb45eef7909d0297ca29","","0","0","0","0.000000072778699395","0.000134655149620629","","","","0x50a24a00"
"0xd31e04c54e80cf142a22b0789fac473e89f00cd59f27c92fd255d947a0603956","12724108","1717250756","2024-06-01 14:05:56","0x5fc9e2028472c4419677ffab72cd81136aaf915a","0xfaccee15674f28533b71cb45eef7909d0297ca29","","0","0","0","0.000000072778699395","0.000134655149620629","","","","0x50a24a00"
"0x7cae59b3ae092d66634132271948010bea73084e8349bbd8dc303c29cc81fa77","12724112","1717250764","2024-06-01 14:06:04","0x5fc9e2028472c4419677ffab72cd81136aaf915a","0xfaccee15674f28533b71cb45eef7909d0297ca29","","0","0","0","0.000000072778699395","0.000134655149620629","","","","0x50a24a00"
"0xf3f70b8119ba3fe9cf2a8fcdf7a627ae36a4ac3b6c33c847da4338f4d96c8261","12724116","1717250772","2024-06-01 14:06:12","0x5fc9e2028472c4419677ffab72cd81136aaf915a","0xfaccee15674f28533b71cb45eef7909d0297ca29","","0","0","0","0.000000072778699395","0.000134655149620629","","","","0x50a24a00"
"0x830ac412aad77fc5c21fd6709e1f8b57da35996c62f92ca54ce51f1db1d7277b","12724120","1717250780","2024-06-01 14:06:20","0x5fc9e2028472c4419677ffab72cd81136aaf915a","0xfaccee15674f28533b71cb45eef7909d0297ca29","","0","0","0","0.000000072778638762","0.000134655037437452","","","","0x50a24a00"
"0xa7778e522ba1b7d49a51235f351fb8edaa10e2f2d7575e729567bc83a7cf04a1","12724124","1717250788","2024-06-01 14:06:28","0x5fc9e2028472c4419677ffab72cd81136aaf915a","0xfaccee15674f28533b71cb45eef7909d0297ca29","","0","0","0","0.000000072778638762","0.000134655037437452","","","","0x50a24a00"
"0x3368724358bb5f522f1a379daad86cf4e58446efa401f433037af6b871bb1035","12724128","1717250796","2024-06-01 14:06:36","0x5fc9e2028472c4419677ffab72cd81136aaf915a","0xfaccee15674f28533b71cb45eef7909d0297ca29","","0","0","0","0.000000072778638762","0.000134655037437452","","","","0x50a24a00"
"0xe72003bdff70e68337424d0135c97aca010d579c4301b97797e77e0dbd5128e9","12724132","1717250804","2024-06-01 14:06:44","0x5fc9e2028472c4419677ffab72cd81136aaf915a","0xfaccee15674f28533b71cb45eef7909d0297ca29","","0","0","0","0.000000072778638762","0.000134655037437452","","","","0x50a24a00"
"0xe90bbbda1a0a86166e50af9d7aa125acd9f281e8f49b4cdf008e62559f4f7def","12724136","1717250812","2024-06-01 14:06:52","0x5fc9e2028472c4419677ffab72cd81136aaf915a","0xfaccee15674f28533b71cb45eef7909d0297ca29","","0","0","0","0.000000072778638762","0.000134655037437452","","","","0x50a24a00"
"0xe23a8a38673df1103f2fba3348449817f02972a36fe97e7c6247c292a6bae4d0","12724140","1717250820","2024-06-01 14:07:00","0x5fc9e2028472c4419677ffab72cd81136aaf915a","0xfaccee15674f28533b71cb45eef7909d0297ca29","","0","0","0","0.000000072778638762","0.000134655037437452","","","","0x50a24a00"
"0x275663eb15f421ae188e3c3d0044e9da220f42d795bab7ad9748c43536ed717a","12724144","1717250828","2024-06-01 14:07:08","0x5fc9e2028472c4419677ffab72cd81136aaf915a","0xfaccee15674f28533b71cb45eef7909d0297ca29","","0","0","0","0.000000072778638762","0.000134655037437452","","","","0x50a24a00"
"0x4ea675191ce823c5d405ff5964c5202893e1e620d0ae550cf189109de8f2a39c","12724148","1717250836","2024-06-01 14:07:16","0x5fc9e2028472c4419677ffab72cd81136aaf915a","0xfaccee15674f28533b71cb45eef7909d0297ca29","","0","0","0","0.000000072778638762","0.000134655037437452","","","","0x50a24a00"
"0x3154697217d3d80fc1081148032ec872ee1d04098c0b7b10d9861f0c426607f3","12724152","1717250844","2024-06-01 14:07:24","0x5fc9e2028472c4419677ffab72cd81136aaf915a","0xfaccee15674f28533b71cb45eef7909d0297ca29","","0","0","0","0.000000072778638762","0.000134655037437452","","","","0x50a24a00"
"0x7baac38b200af712f329b6e4c9222e604fe3c3baac14152ef7ba576c912159ba","12724156","1717250852","2024-06-01 14:07:32","0x5fc9e2028472c4419677ffab72cd81136aaf915a","0xfaccee15674f28533b71cb45eef7909d0297ca29","","0","0","0","0.000000072778638762","0.000134655037437452","","","","0x50a24a00"
"0x129aaf9ac9ea29db472a7ff1a51f34a10835f8bedf1a156829c7ccc6130f8119","12724160","1717250860","2024-06-01 14:07:40","0x5fc9e2028472c4419677ffab72cd81136aaf915a","0xfaccee15674f28533b71cb45eef7909d0297ca29","","0","0","0","0.000000072778638762","0.000134655037437452","","","","0x50a24a00"
"0x8747b915d58d91d023e00a7f1b254fc65a51a18ec279a5866e2b8dbd691adbf8","12724164","1717250868","2024-06-01 14:07:48","0x5fc9e2028472c4419677ffab72cd81136aaf915a","0xfaccee15674f28533b71cb45eef7909d0297ca29","","0","0","0","0.000000072778638762","0.000134655037437452","","","","0x50a24a00"
"0xb5bd53977cc19e4215051d454b68f6cd22e113a9e3eca03949d113506718257b","12724168","1717250876","2024-06-01 14:07:56","0x5fc9e2028472c4419677ffab72cd81136aaf915a","0xfaccee15674f28533b71cb45eef7909d0297ca29","","0","0","0","0.000000072778578129","0.000134654925254276","","","","0x50a24a00"
"0xd41c805e1f43f64de3d326c19c2c81bab0f6379a64c9c2e06f0a6ae801113c9c","12724172","1717250884","2024-06-01 14:08:04","0x5fc9e2028472c4419677ffab72cd81136aaf915a","0xfaccee15674f28533b71cb45eef7909d0297ca29","","0","0","0","0.000000072778578129","0.000134654925254276","","","","0x50a24a00"
"0xccb56f6a123f9fe3e70fd2caee4721b87ce38fef08b82888dba8171b3f589e4e","12724176","1717250892","2024-06-01 14:08:12","0x5fc9e2028472c4419677ffab72cd81136aaf915a","0xfaccee15674f28533b71cb45eef7909d0297ca29","","0","0","0","0.000000072778578129","0.000134654925254276","","","","0x50a24a00"
"0x1cf808417a11cc4403609d0f19f1644ce2fab9f425c4b185ea2e279971866c29","12724180","1717250900","2024-06-01 14:08:20","0x5fc9e2028472c4419677ffab72cd81136aaf915a","0xfaccee15674f28533b71cb45eef7909d0297ca29","","0","0","0","0.000000072778578129","0.000134654925254276","","","","0x50a24a00"
"0xa3c6162fa33ba8e03ab7f7ba382423149ddd860bacd2e7cb77a5751978b1ac06","12724184","1717250908","2024-06-01 14:08:28","0x5fc9e2028472c4419677ffab72cd81136aaf915a","0xfaccee15674f28533b71cb45eef7909d0297ca29","","0","0","0","0.000000072778578129","0.000134654925254276","","","","0x50a24a00"
"0x8cc1bf094b3abd206ded2f43486f7ddc4e5a472dadef0e96518e5c29ee446c97","12724188","1717250916","2024-06-01 14:08:36","0x5fc9e2028472c4419677ffab72cd81136aaf915a","0xfaccee15674f28533b71cb45eef7909d0297ca29","","0","0","0","0.000000072778578129","0.000134654925254276","","","","0x50a24a00"
"0x8556c8a049fa3f831d9f5ccac06c7fb5db718955c657b131f9344d45d1c62982","12724192","1717250924","2024-06-01 14:08:44","0x5fc9e2028472c4419677ffab72cd81136aaf915a","0xfaccee15674f28533b71cb45eef7909d0297ca29","","0","0","0","0.000000072778578129","0.000134654925254276","","","","0x50a24a00"
"0x7b43712d250e126a90680f8dd565888e719fd34d70da04d70212b412fee2cf63","12724196","1717250932","2024-06-01 14:08:52","0x5fc9e2028472c4419677ffab72cd81136aaf915a","0xfaccee15674f28533b71cb45eef7909d0297ca29","","0","0","0","0.000000072778578129","0.000134654925254276","","","","0x50a24a00"
"0x6b0cab437047b0970957717eceb8e59d6093c596168e83f14cb16dde73f1fcdc","12724200","1717250940","2024-06-01 14:09:00","0x5fc9e2028472c4419677ffab72cd81136aaf915a","0xfaccee15674f28533b71cb45eef7909d0297ca29","","0","0","0","0.000000072821789397","0.000134734874742329","","","","0x50a24a00"